country,year,number_of_days_lost_in
argentina,1927,363492
australia,1927,1713581
austria,1927,686560
belgium,1927,1658836
bulgaria,1927,57196
canada,1927,152570
china,1927,7622029
denmark,1927,119000
estonia,1927,3067
finland,1927,1528182
france,1927,1046019
germany,1927,6043698
hungary,1927,294941
india,1927,2019970
ireland,1927,64020
israel,1927,13469
japan,1927,1177352
latvia,1927,60267
netherlands,1927,220500
new_zealand,1927,12485
norway,1927,1374089
poland,1927,2483165
romania,1927,58291
south_africa,1927,9126
spain,1927,1311891
sweden,1927,400000
switzerland,1927,34160
united_kingdom,1927,1170000
united_states,1927,37799394
uruguay,1927,53350
argentina,1928,251054
australia,1928,777278
austria,1928,658024
belgium,1928,2254424
bulgaria,1928,2382
canada,1928,224212
china,1928,2049826
denmark,1928,11000
estonia,1928,49336
finland,1928,502236
france,1928,6376675
germany,1928,20288211
hungary,1928,131174
india,1928,31647404
ireland,1928,54292
israel,1928,4379
japan,1928,583595
latvia,1928,62254
netherlands,1928,647700
new_zealand,1928,21997
norway,1928,363844
poland,1928,2787775
romania,1928,109666
south_africa,1928,10535
spain,1928,771293
sweden,1928,4835000
switzerland,1928,98015
united_kingdom,1928,1390000
united_states,1928,31556947
uruguay,1928,420600
argentina,1929,543939
australia,1929,4461478
austria,1929,388336
belgium,1929,799117
bulgaria,1929,378236
canada,1929,152080
china,1929,711921
denmark,1929,41283
estonia,1929,6395
finland,1929,74887
france,1929,2764606
germany,1929,4489870
hungary,1929,149204
india,1929,12165691
ireland,1929,101397
israel,1929,8773
japan,1929,571860
latvia,1929,45838
netherlands,1929,990800
new_zealand,1929,25889
norway,1929,196704
poland,1929,1071816
romania,1929,411572
spain,1929,313065
sweden,1929,667000
switzerland,1929,99608
united_kingdom,1929,8287000
united_states,1929,5352000
uruguay,1929,90600
argentina,1930,853219
australia,1930,1511241
austria,1930,49373
belgium,1930,781646
bulgaria,1930,2581
canada,1930,91797
china,1930,801531
denmark,1930,144000
estonia,1930,338
finland,1930,12120
france,1930,7209342
germany,1930,3935977
hungary,1930,79596
india,1930,2261731
ireland,1930,77417
israel,1930,9234
japan,1930,1085074
latvia,1930,12077
netherlands,1930,273000
new_zealand,1930,31669
norway,1930,240454
poland,1930,427127
romania,1930,184002
south_africa,1930,2600
spain,1930,3745360
sweden,1930,1021000
switzerland,1930,265695
united_kingdom,1930,4399000
united_states,1930,3317000
uruguay,1930,11100
argentina,1931,58493
australia,1931,245991
austria,1931,132757
belgium,1931,399037
bulgaria,1931,83622
canada,1931,204238
china,1931,685941
denmark,1931,246000
estonia,1931,20000
finland,1931,106
france,1931,949564
germany,1931,2001978
hungary,1931,189781
india,1931,2408123
ireland,1931,310199
israel,1931,6704
japan,1931,980054
latvia,1931,14261
netherlands,1931,856100
new_zealand,1931,48486
norway,1931,7585832
poland,1931,636921
romania,1931,184593
south_africa,1931,54575
spain,1931,3843260
sweden,1931,2627000
switzerland,1931,73975
united_kingdom,1931,6983000
united_states,1931,6893000
uruguay,1931,102600
argentina,1932,1357790
australia,1932,212318
austria,1932,190163
belgium,1932,580670
bulgaria,1932,7021
canada,1932,255000
china,1932,710605
denmark,1932,87000
estonia,1932,2149
finland,1932,2301
france,1932,2244281
germany,1932,1112056
hungary,1932,32914
india,1932,1922437
ireland,1932,42152
israel,1932,10689
japan,1932,618614
latvia,1932,22960
netherlands,1932,1772600
new_zealand,1932,108605
norway,1932,394002
poland,1932,2134150
romania,1932,103673
south_africa,1932,26034
spain,1932,3589473
sweden,1932,3095000
switzerland,1932,159154
united_kingdom,1932,6488000
united_states,1932,10502000
uruguay,1932,0
argentina,1933,39896
australia,1933,111956
austria,1933,79061
belgium,1933,664044
bulgaria,1933,26132
canada,1933,317547
china,1933,461619
denmark,1933,18000
estonia,1933,339
finland,1933,9536
france,1933,1199334
hungary,1933,125178
india,1933,2168961
ireland,1933,200126
israel,1933,19354
japan,1933,384565
latvia,1933,24003
netherlands,1933,533800
new_zealand,1933,65099
norway,1933,364240
poland,1933,3843631
romania,1933,57093
south_africa,1933,16081
spain,1933,14440629
sweden,1933,3434000
switzerland,1933,69065
united_kingdom,1933,1072000
united_states,1933,16872000
uruguay,1933,86797
argentina,1934,742256
australia,1934,370386
austria,1934,220
belgium,1934,2441335
bulgaria,1934,47116
canada,1934,574519
china,1934,501245
denmark,1934,146000
estonia,1934,2207
finland,1934,89727
france,1934,2393463
hungary,1934,92156
india,1934,4775559
ireland,1934,180080
israel,1934,17273
japan,1934,446176
latvia,1934,25543
netherlands,1934,114200
new_zealand,1934,10393
norway,1934,235075
poland,1934,2413533
romania,1934,156086
south_africa,1934,52132
spain,1934,11103493
sweden,1934,760200
switzerland,1934,33309
united_kingdom,1934,959000
united_states,1934,19592000
uruguay,1934,70782
argentina,1935,2642576
australia,1935,495124
austria,1935,414
belgium,1935,623002
bulgaria,1935,864
canada,1935,284028
china,1935,517663
denmark,1935,14000
estonia,1935,45000
finland,1935,60843
france,1935,1182159
hungary,1935,110967
india,1935,973457
ireland,1935,288077
israel,1935,28415
japan,1935,301324
latvia,1935,0
netherlands,1935,262400
new_zealand,1935,18563
norway,1935,168307
poland,1935,2025554
romania,1935,360867
south_africa,1935,19564
spain,1935,0
sweden,1935,788000
switzerland,1935,15143
united_kingdom,1935,1955000
united_states,1935,15456000
uruguay,1935,3495
argentina,1936,1344461
australia,1936,497248
austria,1936,1521
bulgaria,1936,38144
canada,1936,276997
china,1936,666931
denmark,1936,2946000
estonia,1936,14822
finland,1936,35360
hungary,1936,232622
india,1936,2358062
ireland,1936,185623
israel,1936,11625
japan,1936,162590
latvia,1936,0
netherlands,1936,94800
new_zealand,1936,16980
norway,1936,396487
poland,1936,4039036
romania,1936,195605
south_africa,1936,5009
spain,1936,0
sweden,1936,438000
switzerland,1936,38789
united_kingdom,1936,1829000
united_states,1936,13902000
argentina,1937,517645
australia,1937,557111
austria,1937,408
belgium,1937,647647
bulgaria,1937,0
canada,1937,886393
china,1937,668076
denmark,1937,21000
estonia,1937,1109
finland,1937,183401
hungary,1937,160554
india,1937,8982257
ireland,1937,1754949
israel,1937,21167
japan,1937,338146
latvia,1937,0
netherlands,1937,38800
new_zealand,1937,29916
norway,1937,1013509
poland,1937,3323345
romania,1937,72535
south_africa,1937,27478
spain,1937,0
sweden,1937,861000
switzerland,1937,115648
united_kingdom,1937,3413000
united_states,1937,28425000
uruguay,1937,12106
argentina,1938,228703
australia,1938,1337994
austria,1938,0
belgium,1938,240937
bulgaria,1938,0
canada,1938,148678
china,1938,917157
denmark,1938,90000
estonia,1938,2859
finland,1938,110456
hungary,1938,104645
india,1938,9198708
ireland,1938,208784
israel,1938,14149
japan,1938,40566
latvia,1938,0
netherlands,1938,136200
new_zealand,1938,35456
norway,1938,567300
poland,1938,1310837
romania,1938,51981
south_africa,1938,2872
spain,1938,0
sweden,1938,1284000
switzerland,1938,16299
united_kingdom,1938,1334000
united_states,1938,9148000
uruguay,1938,20008
argentina,1939,241099
australia,1939,459154
belgium,1939,157242
canada,1939,224588
denmark,1939,16000
finland,1939,256628
hungary,1939,169638
india,1939,4992795
ireland,1939,106476
israel,1939,19435
japan,1939,34993
latvia,1939,0
netherlands,1939,96600
new_zealand,1939,53801
norway,1939,859683
romania,1939,0
south_africa,1939,4199
sweden,1939,159000
switzerland,1939,4046
united_kingdom,1939,1356000
united_states,1939,17812000
uruguay,1939,539338
argentina,1940,224599
australia,1940,1507252
belgium,1940,36451
canada,1940,266318
denmark,1940,5000
finland,1940,5397
hungary,1940,370351
india,1940,7577281
ireland,1940,152076
israel,1940,22108
japan,1940,54129
latvia,1940,0
netherlands,1940,43731
new_zealand,1940,28097
romania,1940,0
south_africa,1940,12907
sweden,1940,78000
switzerland,1940,1480
united_kingdom,1940,940000
united_states,1940,6701000
uruguay,1940,15634
argentina,1941,247598
australia,1941,984174
belgium,1941,0
canada,1941,433914
denmark,1941,3000
finland,1941,27078
hungary,1941,1174
india,1941,3330503
ireland,1941,77133
israel,1941,36342
latvia,1941,0
new_zealand,1941,26237
romania,1941,0
south_africa,1941,23199
sweden,1941,94000
switzerland,1941,14311
united_kingdom,1941,1079000
united_states,1941,23048000
uruguay,1941,24347
argentina,1942,634339
australia,1942,378195
belgium,1942,0
canada,1942,450202
denmark,1942,11000
hungary,1942,2107
india,1942,5779965
ireland,1942,115039
israel,1942,137640
latvia,1942,0
new_zealand,1942,51189
romania,1942,0
south_africa,1942,49015
sweden,1942,53000
switzerland,1942,4030
united_kingdom,1942,1527000
united_states,1942,4183000
uruguay,1942,6677
argentina,1943,87229
australia,1943,990151
belgium,1943,0
canada,1943,1041198
denmark,1943,24000
hungary,1943,1020
india,1943,2342287
ireland,1943,61809
israel,1943,131650
latvia,1943,0
new_zealand,1943,14687
romania,1943,0
south_africa,1943,58342
sri_lanka,1943,9593
sweden,1943,94000
switzerland,1943,12050
united_kingdom,1943,1808000
united_states,1943,13501000
uruguay,1943,51794
argentina,1944,41384
australia,1944,912752
belgium,1944,0
canada,1944,490139
denmark,1944,88000
hungary,1944,0
india,1944,3447306
ireland,1944,38308
israel,1944,184014
new_zealand,1944,52602
south_africa,1944,19993
sri_lanka,1944,29985
sweden,1944,228000
switzerland,1944,17690
united_kingdom,1944,3714000
united_states,1944,8721000
uruguay,1944,40354
argentina,1945,509024
australia,1945,2119641
belgium,1945,563173
canada,1945,1457420
denmark,1945,66000
finland,1945,357664
hungary,1945,7282
india,1945,4054499
ireland,1945,243932
israel,1945,101570
jamaica,1945,91655
netherlands,1945,101200
new_zealand,1945,66629
norway,1945,65145
south_africa,1945,52990
sri_lanka,1945,157673
sweden,1945,11321000
switzerland,1945,37187
united_kingdom,1945,2835000
united_states,1945,38025000
argentina,1946,2047601
australia,1946,1947844
belgium,1946,1052594
canada,1946,4516393
denmark,1946,1389000
finland,1946,115984
france,1946,386468
hungary,1946,57163
india,1946,12717762
ireland,1946,150108
israel,1946,334706
jamaica,1946,238540
japan,1946,6266255
netherlands,1946,681600
new_zealand,1946,30393
norway,1946,79019
south_africa,1946,209290
sri_lanka,1946,282696
sweden,1946,27185
switzerland,1946,184483
united_kingdom,1946,2158000
united_states,1946,116000000
argentina,1947,3467193
australia,1947,1338728
belgium,1947,2211786
canada,1947,2397340
chile,1947,1116109
denmark,1947,467000
finland,1947,479496
france,1947,22673285
hungary,1947,6732
india,1947,16562666
ireland,1947,449438
jamaica,1947,258700
japan,1947,5035783
netherlands,1947,203400
new_zealand,1947,102725
norway,1947,41294
south_africa,1947,1372758
sri_lanka,1947,743831
sweden,1947,125000
switzerland,1947,102209
united_kingdom,1947,2433000
united_states,1947,34600000
argentina,1948,3158947
australia,1948,1662686
belgium,1948,1858190
canada,1948,885793
chile,1948,646933
denmark,1948,8000
finland,1948,243544
france,1948,13133313
india,1948,7837173
ireland,1948,258166
israel,1948,7979
jamaica,1948,10347
japan,1948,6995332
myanmar,1948,77620
netherlands,1948,131400
new_zealand,1948,93464
norway,1948,92278
philippines,1948,380912
singapore,1948,128657
south_africa,1948,24608
sri_lanka,1948,52431
sweden,1948,151000
switzerland,1948,61408
united_kingdom,1948,1944000
united_states,1948,34100000
argentina,1949,510352
australia,1949,1333990
belgium,1949,829850
canada,1949,1063667
chile,1949,738754
denmark,1949,10400
finland,1949,1195404
france,1949,7129150
germany,1949,270716
india,1949,6600595
ireland,1949,273151
israel,1949,57436
italy,1949,16578081
jamaica,1949,2656
japan,1949,4320688
myanmar,1949,5077
netherlands,1949,289400
new_zealand,1949,218172
norway,1949,104759
pakistan,1949,101723
philippines,1949,210375
singapore,1949,6618
south_africa,1949,35977
sri_lanka,1949,695916
sweden,1949,21000
switzerland,1949,41113
thailand,1949,3558
united_kingdom,1949,1807000
united_states,1949,50500000
argentina,1950,2031827
australia,1950,2062888
belgium,1950,2768555
canada,1950,1389039
chile,1950,2277838
denmark,1950,3700
egypt,1950,316683
finland,1950,4644367
france,1950,11728791
germany,1950,358218
greece,1950,434379
india,1950,12806704
ireland,1950,216505
israel,1950,55087
italy,1950,7760849
jamaica,1950,75212
japan,1950,5486059
madagascar,1950,17549
myanmar,1950,5635
netherlands,1950,162230
new_zealand,1950,271475
norway,1950,42310
pakistan,1950,83164
philippines,1950,225441
singapore,1950,4692
south_africa,1950,5829
sri_lanka,1950,108454
sweden,1950,41000
switzerland,1950,5447
thailand,1950,8000
trinidad_and_tobago,1950,16471
united_kingdom,1950,1389000
united_states,1950,38800000
argentina,1951,152243
australia,1951,872974
belgium,1951,593164
canada,1951,901739
chile,1951,1565414
denmark,1951,3700
egypt,1951,516508
finland,1951,323985
france,1951,3495476
greece,1951,375103
haiti,1951,256
india,1951,3818928
ireland,1951,545133
israel,1951,114290
italy,1951,4514536
jamaica,1951,166060
japan,1951,6014512
kenya,1951,10708
madagascar,1951,2518
malta,1951,0
myanmar,1951,14209
netherlands,1951,66740
new_zealand,1951,1157390
norway,1951,35699
pakistan,1951,77471
philippines,1951,50704
singapore,1951,20640
south_africa,1951,13029
sri_lanka,1951,538524
sweden,1951,530700
switzerland,1951,8469
tanzania,1951,12775
thailand,1951,1600
trinidad_and_tobago,1951,6864
united_kingdom,1951,1694000
united_states,1951,22900000
argentina,1952,313343
australia,1952,1163504
belgium,1952,863377
canada,1952,2879955
chile,1952,1766827
cyprus,1952,21736
denmark,1952,3600
fiji,1952,1825
finland,1952,54440
france,1952,1732577
greece,1952,109786
haiti,1952,226
india,1952,3336961
ireland,1952,529089
israel,1952,58066
italy,1952,3530630
jamaica,1952,79126
japan,1952,15075269
kenya,1952,5718
madagascar,1952,4157
malta,1952,160700
myanmar,1952,41935
netherlands,1952,31237
new_zealand,1952,28123
norway,1952,124054
pakistan,1952,126173
philippines,1952,19087
singapore,1952,40105
south_africa,1952,22207
sri_lanka,1952,56404
sweden,1952,78500
switzerland,1952,11588
tanzania,1952,15923
thailand,1952,8200
united_kingdom,1952,1792000
united_states,1952,59100000
zambia,1952,669557
argentina,1953,59294
australia,1953,1050830
austria,1953,38102
belgium,1953,411903
canada,1953,1324715
chile,1953,1452887
cyprus,1953,6257
denmark,1953,2300
egypt,1953,5532
fiji,1953,594
finland,1953,63894
france,1953,9722111
greece,1953,116805
grenada,1953,29743
haiti,1953,0
india,1953,3382608
indonesia,1953,687441
ireland,1953,82046
israel,1953,35404
italy,1953,5827620
jamaica,1953,71035
japan,1953,4279220
kenya,1953,2674
luxembourg,1953,100
madagascar,1953,32089
malaysia,1953,38957
malta,1953,0
myanmar,1953,18639
netherlands,1953,28341
new_zealand,1953,19291
norway,1953,40521
pakistan,1953,89058
philippines,1953,149372
singapore,1953,47361
south_africa,1953,2782
sri_lanka,1953,462582
sweden,1953,581700
switzerland,1953,61124
tanzania,1953,6812
thailand,1953,6015
trinidad_and_tobago,1953,49157
uganda,1953,14738
united_kingdom,1953,2184000
united_states,1953,28300000
zambia,1953,24230
argentina,1954,1449497
australia,1954,901639
austria,1954,51314
barbados,1954,1334
belgium,1954,443706
canada,1954,1475200
chile,1954,1795329
congo_drc,1954,333
cyprus,1954,19979
denmark,1954,22700
egypt,1954,1987
equatorial_guinea,1954,333
ethiopia,1954,24000
fiji,1954,68
finland,1954,115810
france,1954,1440145
greece,1954,38949
grenada,1954,20654
haiti,1954,2800
india,1954,3372630
indonesia,1954,340819
ireland,1954,66734
israel,1954,71946
italy,1954,5376743
jamaica,1954,39854
japan,1954,3836276
kenya,1954,2026
luxembourg,1954,990
madagascar,1954,6954
malaysia,1954,50831
malta,1954,8400
mauritius,1954,368
myanmar,1954,4431
netherlands,1954,59300
new_zealand,1954,20474
nigeria,1954,26874
norway,1954,104507
pakistan,1954,283994
philippines,1954,870549
singapore,1954,135206
south_africa,1954,13277
sri_lanka,1954,476769
suriname,1954,341
sweden,1954,24500
switzerland,1954,25963
tanzania,1954,7842
thailand,1954,515
trinidad_and_tobago,1954,131339
tunisia,1954,8282
uganda,1954,11449
united_kingdom,1954,2454000
united_states,1954,22600000
zambia,1954,589209
zimbabwe,1954,53548
argentina,1955,144120
australia,1955,1010884
austria,1955,58020
barbados,1955,14031
belgium,1955,1001769
canada,1955,1875400
chile,1955,1099165
congo_drc,1955,925
cyprus,1955,9983
denmark,1955,9900
egypt,1955,31110
equatorial_guinea,1955,925
fiji,1955,10457
finland,1955,344195
france,1955,3078706
ghana,1955,29207
greece,1955,69128
grenada,1955,0
haiti,1955,0
india,1955,5697848
indonesia,1955,585400
ireland,1955,236324
israel,1955,53978
italy,1955,5622250
jamaica,1955,132271
japan,1955,3467008
kenya,1955,81870
luxembourg,1955,12000
madagascar,1955,1407
malaysia,1955,79931
malta,1955,1400
mauritius,1955,0
myanmar,1955,1344
netherlands,1955,132994
new_zealand,1955,52043
nigeria,1955,12200
norway,1955,108087
pakistan,1955,121312
philippines,1955,591194
sierra_leone,1955,36050
singapore,1955,946354
south_africa,1955,16797
sri_lanka,1955,105929
suriname,1955,117
sweden,1955,158800
switzerland,1955,1036
tanzania,1955,12562
trinidad_and_tobago,1955,20660
tunisia,1955,56944
uganda,1955,18320
united_kingdom,1955,3781000
united_states,1955,28200000
vietnam,1955,247663
zambia,1955,1548420
zimbabwe,1955,4050
argentina,1956,5167294
australia,1956,1121383
austria,1956,153412
barbados,1956,30890
belgium,1956,948170
cameroon,1956,5120
canada,1956,1246000
central_african_republic,1956,2559
chile,1956,1657194
congo_drc,1956,4722
cyprus,1956,25483
denmark,1956,1086600
egypt,1956,7929
equatorial_guinea,1956,4722
fiji,1956,142
finland,1956,6970506
france,1956,1422539
ghana,1956,2492616
grenada,1956,5000
india,1956,6992040
indonesia,1956,1079987
ireland,1956,48069
israel,1956,112756
italy,1956,4136672
jamaica,1956,4900
japan,1956,4561890
kenya,1956,27900
luxembourg,1956,0
madagascar,1956,19343
malaysia,1956,562125
malta,1956,1705
mauritius,1956,13302
morocco,1956,404410
myanmar,1956,674
netherlands,1956,212805
new_zealand,1956,23870
nigeria,1956,61297
norway,1956,964440
pakistan,1956,374915
philippines,1956,994697
sierra_leone,1956,680
singapore,1956,454455
south_africa,1956,12643
sri_lanka,1956,353854
suriname,1956,15506
sweden,1956,4000
switzerland,1956,1439
tanzania,1956,58066
thailand,1956,23234
trinidad_and_tobago,1956,244207
tunisia,1956,74798
uganda,1956,12494
united_kingdom,1956,2083000
united_states,1956,33100000
vietnam,1956,64767
zambia,1956,469682
zimbabwe,1956,18692
argentina,1957,3390509
australia,1957,630213
austria,1957,45606
barbados,1957,6024
belgium,1957,3788738
burkina_faso,1957,5332
cameroon,1957,2316
canada,1957,1634881
chad,1957,1851
chile,1957,227968
cote_d_ivoire,1957,8000
cyprus,1957,12842
denmark,1957,7200
egypt,1957,6119
el_salvador,1957,0
equatorial_guinea,1957,15173
fiji,1957,20825
finland,1957,222672
france,1957,4121317
gabon,1957,485
ghana,1957,33005
greece,1957,142250
grenada,1957,1500
india,1957,6429319
indonesia,1957,1154563
ireland,1957,92040
israel,1957,165549
italy,1957,4618796
jamaica,1957,612146
japan,1957,5652124
kenya,1957,25391
luxembourg,1957,0
madagascar,1957,18396
malaysia,1957,218962
malta,1957,1294
mauritius,1957,1492
morocco,1957,112436
myanmar,1957,3130
netherlands,1957,7214
new_zealand,1957,28186
nigeria,1957,63411
norway,1957,27082
pakistan,1957,924394
peru,1957,191857
philippines,1957,218120
sierra_leone,1957,3321
singapore,1957,109349
south_africa,1957,13426
sri_lanka,1957,808493
suriname,1957,64
sweden,1957,53000
switzerland,1957,740
tanzania,1957,165328
thailand,1957,91788
trinidad_and_tobago,1957,812
tunisia,1957,25160
uganda,1957,6947
united_kingdom,1957,8412000
united_states,1957,16500000
vietnam,1957,7904
zambia,1957,210070
zimbabwe,1957,2784
argentina,1958,6245286
australia,1958,439890
austria,1958,48726
barbados,1958,168765
belgium,1958,293767
belize,1958,750
burkina_faso,1958,24695
cameroon,1958,1732
canada,1958,2872340
central_african_republic,1958,39205
chad,1958,570
chile,1958,196171
cyprus,1958,4068
denmark,1958,9400
egypt,1958,362
el_salvador,1958,5
fiji,1958,584
finland,1958,45185
france,1958,1137741
gabon,1958,365
ghana,1958,49502
greece,1958,109260
grenada,1958,1529
guinea,1958,178223
honduras,1958,10395
india,1958,7797585
indonesia,1958,98060
ireland,1958,126143
israel,1958,87751
italy,1958,4171877
jamaica,1958,181804
japan,1958,6052331
kenya,1958,59096
luxembourg,1958,0
madagascar,1958,1598
malaysia,1958,59211
malta,1958,6440
mauritius,1958,9081
morocco,1958,257940
myanmar,1958,9895
netherlands,1958,37300
new_zealand,1958,18788
nigeria,1958,78333
norway,1958,59798
pakistan,1958,516871
peru,1958,1263575
philippines,1958,374566
sierra_leone,1958,3113
singapore,1958,78166
south_africa,1958,6557
sri_lanka,1958,739860
suriname,1958,56028
sweden,1958,15000
switzerland,1958,2127
tanzania,1958,296746
thailand,1958,4202
trinidad_and_tobago,1958,5740
tunisia,1958,1886
uganda,1958,10893
united_kingdom,1958,3462000
united_states,1958,23900000
venezuela,1958,38080
vietnam,1958,49541
zambia,1958,1159218
zimbabwe,1958,5691
argentina,1959,10078138
australia,1959,365039
austria,1959,50536
barbados,1959,1047
belgium,1959,983147
belize,1959,872
cameroon,1959,295
canada,1959,2286900
central_african_republic,1959,943
chad,1959,900
chile,1959,869728
congo_drc,1959,2421
cote_d_ivoire,1959,4605
cyprus,1959,6261
denmark,1959,18100
egypt,1959,1807
el_salvador,1959,97
fiji,1959,5606
finland,1959,429639
france,1959,1938427
gabon,1959,1049
ghana,1959,7260
greece,1959,58674
grenada,1959,343
guinea,1959,22702
honduras,1959,0
india,1959,5633148
indonesia,1959,31320
ireland,1959,124479
israel,1959,31328
italy,1959,9190360
jamaica,1959,376761
japan,1959,6020476
kenya,1959,431973
luxembourg,1959,2125
madagascar,1959,839
malaysia,1959,38523
mali,1959,235
malta,1959,3242
mauritius,1959,17661
morocco,1959,204460
myanmar,1959,314
netherlands,1959,13997
new_zealand,1959,29651
nigeria,1959,87039
norway,1959,47616
pakistan,1959,50758
philippines,1959,456967
senegal,1959,44719
sierra_leone,1959,28927
singapore,1959,26587
south_africa,1959,11421
sri_lanka,1959,812236
sweden,1959,23900
switzerland,1959,1987
tanzania,1959,402693
thailand,1959,8160
togo,1959,1240
trinidad_and_tobago,1959,21528
tunisia,1959,1282
uganda,1959,102171
united_kingdom,1959,5270000
united_states,1959,69000000
venezuela,1959,104743
vietnam,1959,56095
zambia,1959,2185
zimbabwe,1959,12394
antigua_and_barbuda,1960,35
argentina,1960,1661520
australia,1960,725107
austria,1960,68823
barbados,1960,0
belgium,1960,334446
belize,1960,135
burkina_faso,1960,1660
cameroon,1960,646
canada,1960,738700
central_african_republic,1960,7366
congo_drc,1960,3850
cote_d_ivoire,1960,3862
cyprus,1960,27005
denmark,1960,60900
fiji,1960,12017
finland,1960,96209
france,1960,1069958
gabon,1960,2205
ghana,1960,15035
greece,1960,81268
grenada,1960,1051
guinea,1960,39650
honduras,1960,450
iceland,1960,679
india,1960,6536517
indonesia,1960,43780
ireland,1960,80349
israel,1960,49368
italy,1960,5786182
jamaica,1960,64522
japan,1960,4912187
kenya,1960,757860
luxembourg,1960,0
madagascar,1960,1100
malaysia,1960,41947
mali,1960,0
malta,1960,37676
mauritius,1960,6414
morocco,1960,157024
myanmar,1960,7067
netherlands,1960,467391
new_zealand,1960,35638
nigeria,1960,70862
norway,1960,2417
pakistan,1960,78765
philippines,1960,277354
senegal,1960,36
sierra_leone,1960,9614
singapore,1960,152005
south_africa,1960,5090
sri_lanka,1960,275087
st_lucia,1960,295
suriname,1960,130
sweden,1960,18500
switzerland,1960,1016
tanzania,1960,1494773
thailand,1960,64
togo,1960,0
trinidad_and_tobago,1960,180573
tunisia,1960,1015
uganda,1960,105439
united_kingdom,1960,3024000
united_states,1960,19100000
venezuela,1960,40968
vietnam,1960,34047
zambia,1960,7507
zimbabwe,1960,104051
antigua_and_barbuda,1961,23047
argentina,1961,1755170
australia,1961,606811
austria,1961,113878
barbados,1961,0
belgium,1961,92092
belize,1961,44
burkina_faso,1961,769
canada,1961,1335080
central_african_republic,1961,1100
chad,1961,3739
congo_drc,1961,3174
cote_d_ivoire,1961,5760
cyprus,1961,21267
denmark,1961,2308200
fiji,1961,4711
finland,1961,41437
france,1961,2600570
gabon,1961,849
ghana,1961,29340
greece,1961,88179
grenada,1961,1513
honduras,1961,0
iceland,1961,277602
india,1961,4918755
indonesia,1961,105553
ireland,1961,377264
israel,1961,122897
italy,1961,9890856
jamaica,1961,98951
japan,1961,6149884
kenya,1961,120454
luxembourg,1961,0
madagascar,1961,739
malaysia,1961,59730
mali,1961,12
malta,1961,20426
mauritius,1961,338
morocco,1961,617763
myanmar,1961,7711
netherlands,1961,24656
new_zealand,1961,38185
nigeria,1961,156882
norway,1961,423082
pakistan,1961,70657
paraguay,1961,4700
philippines,1961,522933
senegal,1961,0
sierra_leone,1961,1448
singapore,1961,410889
south_africa,1961,61887
sri_lanka,1961,488238
st_lucia,1961,0
suriname,1961,1593
sweden,1961,2100
switzerland,1961,0
tanzania,1961,113254
thailand,1961,93
togo,1961,180
trinidad_and_tobago,1961,145105
tunisia,1961,1234
uganda,1961,113537
united_kingdom,1961,3046000
united_states,1961,16300000
venezuela,1961,49126
vietnam,1961,55340
zambia,1961,19640
zimbabwe,1961,27763
antigua_and_barbuda,1962,4151
argentina,1962,268749
australia,1962,508755
austria,1962,647720
barbados,1962,1330
belgium,1962,270975
belize,1962,4522
burkina_faso,1962,1066
cameroon,1962,4896
canada,1962,1417900
central_african_republic,1962,1561
congo_drc,1962,0
cote_d_ivoire,1962,5170
cyprus,1962,21268
denmark,1962,14600
fiji,1962,22
finland,1962,33052
france,1962,1901456
gabon,1962,4028
ghana,1962,2800
greece,1962,128737
grenada,1962,2536
honduras,1962,13770
iceland,1962,99782
india,1962,6120576
indonesia,1962,23551
ireland,1962,104024
israel,1962,241822
italy,1962,22716540
jamaica,1962,123829
japan,1962,5400363
kenya,1962,745749
luxembourg,1962,0
madagascar,1962,27456
malaysia,1962,458720
mali,1962,0
malta,1962,338
mauritius,1962,13
morocco,1962,278426
myanmar,1962,3093
netherlands,1962,9085
new_zealand,1962,93157
nigeria,1962,57237
norway,1962,81121
pakistan,1962,387847
paraguay,1962,10850
philippines,1962,537345
sierra_leone,1962,44230
singapore,1962,165125
south_africa,1962,1135
sri_lanka,1962,995590
st_lucia,1962,172
suriname,1962,10381
sweden,1962,5000
switzerland,1962,1386
tanzania,1962,417474
thailand,1962,63
trinidad_and_tobago,1962,164657
tunisia,1962,1272
uganda,1962,96986
united_kingdom,1962,5798000
united_states,1962,18600000
venezuela,1962,47566
vietnam,1962,44817
zambia,1962,561534
zimbabwe,1962,9561
antigua_and_barbuda,1963,1780
argentina,1963,812396
australia,1963,581568
austria,1963,34017
bahamas,1963,500
barbados,1963,609
belgium,1963,247381
belize,1963,2380
burkina_faso,1963,0
cameroon,1963,3084
canada,1963,917140
cote_d_ivoire,1963,4373
cyprus,1963,36099
denmark,1963,23600
fiji,1963,342
finland,1963,1380274
france,1963,5991495
gabon,1963,1705
ghana,1963,1372
greece,1963,331473
grenada,1963,3044
iceland,1963,206566
india,1963,3628524
indonesia,1963,56425
iraq,1963,3160
ireland,1963,233617
israel,1963,128001
italy,1963,11394635
jamaica,1963,204056
japan,1963,2770421
kenya,1963,235349
luxembourg,1963,0
madagascar,1963,20181
malaysia,1963,126536
mali,1963,75
malta,1963,8605
mauritius,1963,3719
morocco,1963,351700
myanmar,1963,308
netherlands,1963,37757
new_zealand,1963,54490
nigeria,1963,53797
norway,1963,226394
pakistan,1963,1823196
paraguay,1963,25991
philippines,1963,1454937
sierra_leone,1963,1185
singapore,1963,388219
south_africa,1963,10659
spain,1963,124598
sri_lanka,1963,839583
st_lucia,1963,170
suriname,1963,0
sweden,1963,25000
switzerland,1963,70698
tanzania,1963,77195
thailand,1963,159
trinidad_and_tobago,1963,204971
tunisia,1963,629
turkey,1963,20572
uganda,1963,94292
united_kingdom,1963,1755000
united_states,1963,16100000
venezuela,1963,27941
vietnam,1963,47324
zambia,1963,409559
zimbabwe,1963,4311
antigua_and_barbuda,1964,5983
argentina,1964,636303
australia,1964,911358
austria,1964,35448
bahamas,1964,2840
barbados,1964,972
belgium,1964,443835
belize,1964,4922
burkina_faso,1964,0
cameroon,1964,235
canada,1964,1580550
cote_d_ivoire,1964,6670
cyprus,1964,2347
denmark,1964,17500
fiji,1964,3516
finland,1964,58381
france,1964,2496791
gabon,1964,12388
ghana,1964,2888
greece,1964,346389
grenada,1964,836
honduras,1964,0
iceland,1964,10420
india,1964,7724694
indonesia,1964,24565
iraq,1964,0
ireland,1964,545384
israel,1964,100912
italy,1964,13088609
jamaica,1964,67846
japan,1964,3165264
kenya,1964,167767
madagascar,1964,2588
mali,1964,126
malta,1964,0
mauritius,1964,11253
morocco,1964,337400
netherlands,1964,43862
new_zealand,1964,66834
nigeria,1964,90875
norway,1964,1310
pakistan,1964,4114484
paraguay,1964,674
philippines,1964,842342
sierra_leone,1964,1021
singapore,1964,35908
south_africa,1964,37932
south_korea,1964,1827
spain,1964,141153
sri_lanka,1964,885683
st_lucia,1964,150
suriname,1964,0
sweden,1964,34000
switzerland,1964,4550
tanzania,1964,5855
thailand,1964,539
trinidad_and_tobago,1964,95906
turkey,1964,216234
uganda,1964,39737
united_kingdom,1964,2277000
united_states,1964,22900000
venezuela,1964,12984
vietnam,1964,223002
zambia,1964,123317
zimbabwe,1964,42698
antigua_and_barbuda,1965,4174
argentina,1965,590511
australia,1965,815869
austria,1965,151261
bahamas,1965,760
barbados,1965,1342
belgium,1965,70131
belize,1965,1900
burkina_faso,1965,419
cameroon,1965,7509
canada,1965,2349870
cyprus,1965,1073
denmark,1965,242100
fiji,1965,331
finland,1965,16047
france,1965,979861
gabon,1965,2942
ghana,1965,66507
greece,1965,453874
grenada,1965,2296
honduras,1965,13244
iceland,1965,84131
india,1965,6903523
indonesia,1965,1046
iraq,1965,0
ireland,1965,552351
israel,1965,207561
italy,1965,6992856
jamaica,1965,290162
japan,1965,5669362
kenya,1965,345855
madagascar,1965,36
mali,1965,0
malta,1965,4154
mauritius,1965,3862
morocco,1965,207785
netherlands,1965,54607
new_zealand,1965,21814
nigeria,1965,276175
norway,1965,8927
pakistan,1965,621947
paraguay,1965,540
peru,1965,802576
philippines,1965,794185
sierra_leone,1965,3245
singapore,1965,45800
south_africa,1965,16570
south_korea,1965,18827
spain,1965,189548
sri_lanka,1965,574707
st_lucia,1965,145
suriname,1965,1137
sweden,1965,4100
switzerland,1965,163
tanzania,1965,1825
thailand,1965,6484
trinidad_and_tobago,1965,88051
turkey,1965,304920
uganda,1965,55937
united_kingdom,1965,2925000
united_states,1965,23300000
venezuela,1965,17800
vietnam,1965,17243
zambia,1965,22493
antigua_and_barbuda,1966,1770
argentina,1966,1003710
australia,1966,732084
austria,1966,71356
bahamas,1966,0
barbados,1966,4328
belgium,1966,533239
belize,1966,1850
burkina_faso,1966,231
cameroon,1966,591
canada,1966,5178170
chile,1966,2015253
cyprus,1966,2708
denmark,1966,15400
fiji,1966,101
finland,1966,122092
france,1966,2523488
gabon,1966,690
ghana,1966,19380
greece,1966,711928
grenada,1966,643
honduras,1966,0
iceland,1966,5233
india,1966,13846329
indonesia,1966,103
iraq,1966,0
ireland,1966,783635
israel,1966,155975
italy,1966,14473551
jamaica,1966,180628
japan,1966,2741711
kenya,1966,127632
madagascar,1966,455
mali,1966,0
malta,1966,11599
mauritius,1966,3514
morocco,1966,91486
netherlands,1966,12647
new_zealand,1966,99095
nigeria,1966,76704
norway,1966,5207
pakistan,1966,494566
paraguay,1966,1274
peru,1966,1461087
philippines,1966,756257
sierra_leone,1966,542
singapore,1966,44762
south_africa,1966,15751
south_korea,1966,40592
spain,1966,184760
sri_lanka,1966,4151615
st_lucia,1966,800
suriname,1966,675
sweden,1966,351600
switzerland,1966,62
tanzania,1966,8845
thailand,1966,18764
trinidad_and_tobago,1966,0
tunisia,1966,469
turkey,1966,333645
uganda,1966,12917
united_kingdom,1966,2398000
united_states,1966,25400000
venezuela,1966,7961
vietnam,1966,106087
zambia,1966,579280
antigua_and_barbuda,1967,773
argentina,1967,2702
australia,1967,705315
austria,1967,16411
bahamas,1967,1700
barbados,1967,2248
belgium,1967,181713
belize,1967,258
burkina_faso,1967,845
burundi,1967,5375
cameroon,1967,538
canada,1967,3974760
chile,1967,1989534
cyprus,1967,19180
denmark,1967,9900
fiji,1967,6855
finland,1967,320665
france,1967,4203509
gabon,1967,471
ghana,1967,6758
greece,1967,113891
grenada,1967,1850
guatemala,1967,50723
honduras,1967,0
iceland,1967,18044
india,1967,17147951
indonesia,1967,1555
iraq,1967,14282
ireland,1967,182645
israel,1967,58286
italy,1967,8568433
jamaica,1967,173587
japan,1967,1829965
kenya,1967,109128
mali,1967,0
malta,1967,27314
mauritius,1967,1050
morocco,1967,134459
netherlands,1967,6165
new_zealand,1967,139490
nigeria,1967,92373
norway,1967,4720
pakistan,1967,2491954
paraguay,1967,233
peru,1967,1046596
philippines,1967,673398
sierra_leone,1967,1163
singapore,1967,41322
solomon_is,1967,457
south_africa,1967,13871
south_korea,1967,10044
spain,1967,235962
sri_lanka,1967,699345
st_lucia,1967,0
suriname,1967,3199
sweden,1967,400
switzerland,1967,1690
tanzania,1967,7224
thailand,1967,678
trinidad_and_tobago,1967,3070
tunisia,1967,0
turkey,1967,344480
uganda,1967,12864
united_kingdom,1967,2787000
united_states,1967,42100000
venezuela,1967,5165
vietnam,1967,81962
zambia,1967,46088
antigua_and_barbuda,1968,3573
argentina,1968,15502
australia,1968,1079464
austria,1968,6671
bahamas,1968,2470
barbados,1968,0
belgium,1968,364363
belize,1968,6919
burkina_faso,1968,65450
burundi,1968,1621
cameroon,1968,7870
canada,1968,5082732
chile,1968,3651569
cyprus,1968,42598
denmark,1968,33600
fiji,1968,4110
finland,1968,282287
ghana,1968,100017
greece,1968,0
grenada,1968,1433
guatemala,1968,323764
honduras,1968,0
iceland,1968,216169
india,1968,17243679
indonesia,1968,267
iraq,1968,0
ireland,1968,405686
israel,1968,71789
italy,1968,9239793
jamaica,1968,224781
japan,1968,2840866
kenya,1968,91974
mali,1968,1146
malta,1968,58333
mauritius,1968,15845
morocco,1968,162883
netherlands,1968,13698
new_zealand,1968,130267
nigeria,1968,18444
norway,1968,13514
pakistan,1968,417428
panama,1968,609
paraguay,1968,138
peru,1968,422225
philippines,1968,584498
sierra_leone,1968,2574
singapore,1968,11447
solomon_is,1968,3536
south_africa,1968,4746
south_korea,1968,62945
spain,1968,240659
sri_lanka,1968,988416
st_lucia,1968,0
suriname,1968,24962
sweden,1968,1200
switzerland,1968,1785
tanzania,1968,5757
thailand,1968,3217
trinidad_and_tobago,1968,15568
tunisia,1968,88
turkey,1968,176448
united_kingdom,1968,4690000
united_states,1968,49000000
venezuela,1968,10889
vietnam,1968,43676
zambia,1968,65898
algeria,1969,25142
antigua_and_barbuda,1969,5577
argentina,1969,150256
australia,1969,1957957
austria,1969,18517
bahamas,1969,2400
bangladesh,1969,561874
barbados,1969,2753
belgium,1969,162898
belize,1969,40853
burkina_faso,1969,11472
burundi,1969,4475
cameroon,1969,12736
canada,1969,7751880
chile,1969,1178706
cyprus,1969,17602
denmark,1969,56200
fiji,1969,4526
finland,1969,161083
france,1969,2223568
ghana,1969,148416
greece,1969,0
guatemala,1969,17753
guyana,1969,38660
honduras,1969,0
iceland,1969,139478
india,1969,19048000
indonesia,1969,0
iraq,1969,18524
ireland,1969,935900
israel,1969,102162
italy,1969,37824573
jamaica,1969,91489
japan,1969,3633564
kenya,1969,87816
mali,1969,152
malta,1969,41445
mauritius,1969,3774
morocco,1969,151474
netherlands,1969,21697
new_zealand,1969,138675
nigeria,1969,81268
norway,1969,21636
pakistan,1969,1782592
panama,1969,968
paraguay,1969,0
peru,1969,486163
philippines,1969,980863
sierra_leone,1969,14659
singapore,1969,8512
solomon_is,1969,1310
south_africa,1969,4596
south_korea,1969,163353
spain,1969,559591
sri_lanka,1969,464165
st_lucia,1969,0
suriname,1969,62428
sweden,1969,112400
switzerland,1969,231
tanzania,1969,2141
thailand,1969,20070
trinidad_and_tobago,1969,19972
tunisia,1969,1200
turkey,1969,267863
uganda,1969,68675
united_kingdom,1969,6846000
united_states,1969,42900000
vietnam,1969,51790
zambia,1969,20733
algeria,1970,25771
antigua_and_barbuda,1970,87
argentina,1970,32849
australia,1970,2393700
austria,1970,26616
bahamas,1970,1224
bangladesh,1970,366901
barbados,1970,0
belgium,1970,1432274
belize,1970,439
burkina_faso,1970,674
burundi,1970,330
cameroon,1970,999
canada,1970,6539560
chile,1970,2804517
cyprus,1970,5938
denmark,1970,102000
fiji,1970,752
finland,1970,233173
france,1970,1742175
ghana,1970,123050
greece,1970,0
guatemala,1970,50934
guyana,1970,453928
iceland,1970,298242
india,1970,20563381
indonesia,1970,0
iraq,1970,14000
ireland,1970,1007714
israel,1970,390344
italy,1970,20887459
jamaica,1970,335432
japan,1970,3914807
kenya,1970,49517
mali,1970,0
malta,1970,148499
mauritius,1970,5214
morocco,1970,81274
netherlands,1970,262810
new_zealand,1970,277348
nigeria,1970,52630
norway,1970,47204
pakistan,1970,3114850
panama,1970,13148
paraguay,1970,0
peru,1970,722732
philippines,1970,994689
sierra_leone,1970,474
singapore,1970,2514
solomon_is,1970,2149
south_africa,1970,5158
south_korea,1970,9013
spain,1970,1092364
sri_lanka,1970,1314563
st_lucia,1970,1339
suriname,1970,1469
sweden,1970,155700
switzerland,1970,2623
tanzania,1970,726
thailand,1970,7670
trinidad_and_tobago,1970,99600
tunisia,1970,6104
turkey,1970,220189
united_kingdom,1970,10980000
united_states,1970,66413800
venezuela,1970,234349
vietnam,1970,230415
zambia,1970,579280
algeria,1971,52161
argentina,1971,159277
australia,1971,3068600
austria,1971,3702
bangladesh,1971,70333
barbados,1971,54065
belgium,1971,1240472
burkina_faso,1971,328
burundi,1971,7148
cameroon,1971,17810
canada,1971,2866590
chile,1971,1387505
cyprus,1971,23629
denmark,1971,20600
el_salvador,1971,196595
fiji,1971,13312
finland,1971,2711100
france,1971,4387781
ghana,1971,116041
greece,1971,0
guatemala,1971,460
guyana,1971,141816
iceland,1971,31985
india,1971,16545636
indonesia,1971,56
ireland,1971,273770
israel,1971,178612
italy,1971,14798589
jamaica,1971,76079
japan,1971,6028746
kenya,1971,32681
mali,1971,0
malta,1971,24070
mauritius,1971,142916
morocco,1971,589334
netherlands,1971,96846
new_zealand,1971,162563
nigeria,1971,233863
norway,1971,9105
pakistan,1971,815211
paraguay,1971,0
peru,1971,1360244
philippines,1971,1429195
san_marino,1971,10303
seychelles,1971,2392
sierra_leone,1971,5708
singapore,1971,5449
solomon_is,1971,8301
south_africa,1971,3485
south_korea,1971,11323
spain,1971,859693
sri_lanka,1971,568161
st_lucia,1971,1020
suriname,1971,21774
sweden,1971,839000
switzerland,1971,7491
tanzania,1971,3026
thailand,1971,12646
trinidad_and_tobago,1971,139794
tunisia,1971,3587
turkey,1971,476116
uganda,1971,55162
united_kingdom,1971,13551000
united_states,1971,47589100
venezuela,1971,519919
vietnam,1971,374877
zambia,1971,46088
algeria,1972,40588
argentina,1972,153047
australia,1972,2010300
austria,1972,15104
bangladesh,1972,126000
barbados,1972,1450
belgium,1972,354086
burkina_faso,1972,1890
burundi,1972,10585
cameroon,1972,94
canada,1972,7753530
chile,1972,1678124
cyprus,1972,142427
denmark,1972,21800
egypt,1972,22275
el_salvador,1972,42021
fiji,1972,21679
finland,1972,473100
france,1972,3755343
ghana,1972,3198
greece,1972,0
guatemala,1972,33238
guyana,1972,135199
iceland,1972,12061
india,1972,20543916
indonesia,1972,700
ireland,1972,206955
israel,1972,235058
italy,1972,19497143
jamaica,1972,266369
japan,1972,5146668
kenya,1972,42462
mali,1972,0
malta,1972,14677
mauritius,1972,150
morocco,1972,785860
netherlands,1972,134187
new_zealand,1972,134505
nigeria,1972,65254
norway,1972,12402
pakistan,1972,611908
peru,1972,791250
philippines,1972,1003646
san_marino,1972,8365
seychelles,1972,12446
sierra_leone,1972,965
singapore,1972,18233
solomon_is,1972,2601
south_africa,1972,14959
south_korea,1972,0
spain,1972,586616
sri_lanka,1972,298898
st_lucia,1972,674
suriname,1972,43701
sweden,1972,10507
switzerland,1972,2002
thailand,1972,19903
trinidad_and_tobago,1972,24139
tunisia,1972,31589
turkey,1972,659362
uganda,1972,56896
united_kingdom,1972,23909000
united_states,1972,27066400
venezuela,1972,146186
vietnam,1972,25001
zambia,1972,65898
australia,1973,2634700
austria,1973,160138
bangladesh,1973,285177
barbados,1973,4147
belgium,1973,871872
burundi,1973,7690
cameroon,1973,509
canada,1973,5776080
chile,1973,2503356
cyprus,1973,12874
denmark,1973,3901200
egypt,1973,4907
el_salvador,1973,7118
fiji,1973,116998
finland,1973,2496929
france,1973,3914598
ghana,1973,3109
guatemala,1973,257089
guyana,1973,93109
iceland,1973,14320
india,1973,20626253
indonesia,1973,282
ireland,1973,206725
israel,1973,375020
italy,1973,23419286
jamaica,1973,236805
japan,1973,4603821
kenya,1973,42267
malta,1973,42300
mauritius,1973,88588
morocco,1973,353499
netherlands,1973,583783
new_zealand,1973,271706
nigeria,1973,106387
norway,1973,11382
pakistan,1973,399317
peru,1973,1961375
san_marino,1973,4733
seychelles,1973,100
sierra_leone,1973,4851
singapore,1973,2295
solomon_is,1973,292
south_africa,1973,246071
south_korea,1973,0
spain,1973,1081158
sri_lanka,1973,1179042
st_lucia,1973,1432
suriname,1973,31840
sweden,1973,11802
switzerland,1973,0
thailand,1973,296887
trinidad_and_tobago,1973,113305
tunisia,1973,49653
turkey,1973,671135
uganda,1973,15031
united_kingdom,1973,7197000
united_states,1973,27948400
venezuela,1973,144671
zambia,1973,20733
argentina,1974,651555
australia,1974,6292500
austria,1974,7243
bangladesh,1974,231736
barbados,1974,2400
belgium,1974,580032
burundi,1974,7419
cameroon,1974,231746
canada,1974,9221890
cyprus,1974,14349
denmark,1974,184200
ecuador,1974,105380
egypt,1974,71321
fiji,1974,83332
finland,1974,434790
france,1974,3379977
ghana,1974,64408
guatemala,1974,562593
guyana,1974,155277
iceland,1974,93289
india,1974,40262417
indonesia,1974,426
ireland,1974,551833
israel,1974,51333
italy,1974,19466714
jamaica,1974,769139
japan,1974,9662945
kenya,1974,127951
malta,1974,15069
mauritius,1974,17847
morocco,1974,320631
netherlands,1974,6864
new_zealand,1974,183688
nigeria,1974,159613
norway,1974,318433
pakistan,1974,736174
panama,1974,1063
peru,1974,1676750
san_marino,1974,6578
seychelles,1974,195
sierra_leone,1974,1026
singapore,1974,5380
solomon_is,1974,192
south_africa,1974,102119
south_korea,1974,16831
spain,1974,1748700
sri_lanka,1974,105744
st_lucia,1974,9651
suriname,1974,27383
sweden,1974,57604
switzerland,1974,2777
thailand,1974,507607
trinidad_and_tobago,1974,253220
tunisia,1974,8197
turkey,1974,1109401
united_kingdom,1974,14750000
united_states,1974,48044600
venezuela,1974,129978
zambia,1974,38334
australia,1975,3509900
austria,1975,5512
bangladesh,1975,162000
barbados,1975,3431
belgium,1975,607809
burundi,1975,15622
cameroon,1975,122068
canada,1975,10908810
cote_d_ivoire,1975,52164
cyprus,1975,7808
denmark,1975,100100
ecuador,1975,418226
egypt,1975,200528
el_salvador,1975,39059
fiji,1975,57373
finland,1975,284200
france,1975,3868926
ghana,1975,39410
guatemala,1975,53476
guyana,1975,551100
iceland,1975,62531
india,1975,21900931
indonesia,1975,2952
ireland,1975,295716
israel,1975,164509
italy,1975,27189142
jamaica,1975,112584
japan,1975,8015772
kenya,1975,8755
malta,1975,14136
mauritius,1975,123930
morocco,1975,228523
netherlands,1975,480
new_zealand,1975,214632
nigeria,1975,469186
norway,1975,12473
pakistan,1975,798183
papua_new_guinea,1975,14839
peru,1975,2533625
san_marino,1975,13134
seychelles,1975,120
sierra_leone,1975,9770
singapore,1975,4853
solomon_is,1975,6973
south_africa,1975,19209
south_korea,1975,13557
spain,1975,1815200
sri_lanka,1975,66476
st_lucia,1975,600
suriname,1975,16728
sweden,1975,365507
switzerland,1975,1733
thailand,1975,722946
trinidad_and_tobago,1975,777389
tunisia,1975,11750
turkey,1975,668797
united_kingdom,1975,6012000
united_states,1975,31237000
venezuela,1975,100662
zambia,1975,51003
australia,1976,3799400
austria,1976,589
bangladesh,1976,25618
barbados,1976,129
belgium,1976,896805
burkina_faso,1976,18967
burundi,1976,27674
cameroon,1976,13788
canada,1976,11609890
cote_d_ivoire,1976,40179
cyprus,1976,2683
denmark,1976,210300
ecuador,1976,265107
egypt,1976,921
el_salvador,1976,601800
fiji,1976,15669
finland,1976,1237830
france,1976,4054903
ghana,1976,114259
greece,1976,787852
guatemala,1976,167831
guyana,1976,229480
iceland,1976,309950
india,1976,12745735
indonesia,1976,1148
ireland,1976,776949
israel,1976,308214
italy,1976,25377571
jamaica,1976,139619
japan,1976,3253715
kenya,1976,26248
malta,1976,6971
mauritius,1976,114716
morocco,1976,479863
netherlands,1976,13984
new_zealand,1976,488441
nigeria,1976,160822
norway,1976,137651
pakistan,1976,514891
panama,1976,18939
papua_new_guinea,1976,13207
peru,1976,852750
philippines,1976,218067
san_marino,1976,2463
seychelles,1976,0
sierra_leone,1976,1300
singapore,1976,3193
solomon_is,1976,26
south_africa,1976,73585
south_korea,1976,17046
spain,1976,12593100
sri_lanka,1976,161092
st_lucia,1976,10885
suriname,1976,9092
sweden,1976,24744
switzerland,1976,19586
thailand,1976,495619
trinidad_and_tobago,1976,140711
tunisia,1976,27500
turkey,1976,325830
united_kingdom,1976,3284000
united_states,1976,37859900
venezuela,1976,91267
zambia,1976,6527
australia,1977,1654800
austria,1977,11
bangladesh,1977,81715
barbados,1977,0
belgium,1977,664236
burkina_faso,1977,0
burundi,1977,5200
cameroon,1977,0
canada,1977,3307880
costa_rica,1977,74121
cote_d_ivoire,1977,13778
cyprus,1977,2469
denmark,1977,229700
ecuador,1977,43282
egypt,1977,2541
el_salvador,1977,154792
fiji,1977,77615
finland,1977,2374700
france,1977,2434300
ghana,1977,205170
greece,1977,1252445
guatemala,1977,60641
guyana,1977,964282
iceland,1977,189598
india,1977,25320072
indonesia,1977,45433
ireland,1977,442145
israel,1977,416526
italy,1977,16566143
jamaica,1977,81688
japan,1977,1518476
kenya,1977,9227
malta,1977,75894
mauritius,1977,11644
morocco,1977,375802
netherlands,1977,246818
new_zealand,1977,436808
nigeria,1977,453245
norway,1977,25049
pakistan,1977,200865
panama,1977,915
papua_new_guinea,1977,23671
peru,1977,1726319
philippines,1977,34198
portugal,1977,309456
san_marino,1977,4071
seychelles,1977,0
sierra_leone,1977,2100
singapore,1977,1011
solomon_is,1977,953
south_africa,1977,16153
south_korea,1977,8294
spain,1977,16641700
sri_lanka,1977,222047
st_lucia,1977,18800
suriname,1977,6517
sweden,1977,87151
switzerland,1977,4649
thailand,1977,12331
trinidad_and_tobago,1977,104149
tunisia,1977,140201
turkey,1977,1397124
uganda,1977,2600
united_kingdom,1977,10142000
united_states,1977,35821800
venezuela,1977,85997
zambia,1977,15990
zimbabwe,1977,9451
australia,1978,2130800
austria,1978,10222
bangladesh,1978,662332
barbados,1978,0
belgium,1978,1002489
burkina_faso,1978,1665
burundi,1978,7446
cameroon,1978,23617
canada,1978,7392820
costa_rica,1978,176784
cote_d_ivoire,1978,14751
cyprus,1978,9169
denmark,1978,128800
ecuador,1978,17394
egypt,1978,1450
el_salvador,1978,72962
fiji,1978,32803
finland,1978,132400
france,1978,2081000
ghana,1978,196167
greece,1978,987478
guatemala,1978,1479246
guyana,1978,75791
haiti,1978,9139
iceland,1978,51270
india,1978,28340199
indonesia,1978,5225
ireland,1978,613016
israel,1978,1071961
italy,1978,10177033
jamaica,1978,287210
japan,1978,1357502
kenya,1978,18726
mali,1978,4083
malta,1978,28400
mauritius,1978,46591
morocco,1978,335722
netherlands,1978,5832
new_zealand,1978,380605
nigeria,1978,739179
norway,1978,62888
pakistan,1978,107627
panama,1978,3003
papua_new_guinea,1978,12046
peru,1978,4518092
philippines,1978,156203
san_marino,1978,3451
sierra_leone,1978,15531
singapore,1978,0
south_africa,1978,10700
south_korea,1978,13230
spain,1978,11550900
sri_lanka,1978,265069
st_lucia,1978,1288
suriname,1978,3197
sweden,1978,37135
switzerland,1978,5317
thailand,1978,8600
trinidad_and_tobago,1978,112748
tunisia,1978,36938
turkey,1978,426127
united_kingdom,1978,9405000
united_states,1978,36921500
venezuela,1978,39842
zambia,1978,297331
zimbabwe,1978,1720
australia,1979,3964400
austria,1979,764
bangladesh,1979,647629
barbados,1979,270
belgium,1979,615484
burundi,1979,5906
cameroon,1979,745
canada,1979,7834230
costa_rica,1979,275125
cote_d_ivoire,1979,20362
cyprus,1979,22243
denmark,1979,173000
ecuador,1979,60012
egypt,1979,3933
el_salvador,1979,292276
fiji,1979,36754
finland,1979,243400
france,1979,3172300
ghana,1979,170598
greece,1979,1678805
guatemala,1979,41120
guyana,1979,324473
haiti,1979,19883
iceland,1979,15970
india,1979,43853518
indonesia,1979,19680
ireland,1979,1464952
israel,1979,539162
italy,1979,27530428
jamaica,1979,36868
japan,1979,930304
mali,1979,700
malta,1979,33679
mauritius,1979,373058
morocco,1979,429397
netherlands,1979,308872
new_zealand,1979,381896
nigeria,1979,1566475
norway,1979,7010
pakistan,1979,247867
panama,1979,44292
papua_new_guinea,1979,47586
peru,1979,1676342
philippines,1979,173881
portugal,1979,493003
san_marino,1979,291
sierra_leone,1979,13791
singapore,1979,0
south_africa,1979,70542
south_korea,1979,16366
spain,1979,18917000
sri_lanka,1979,293752
st_lucia,1979,32137
suriname,1979,10583
sweden,1979,28664
switzerland,1979,2331
thailand,1979,33838
trinidad_and_tobago,1979,215931
tunisia,1979,35287
turkey,1979,1147721
uganda,1979,6738
united_kingdom,1979,29474000
united_states,1979,34753700
venezuela,1979,50016
zambia,1979,42916
zimbabwe,1979,553
australia,1980,3319700
austria,1980,16960
bangladesh,1980,1160436
barbados,1980,14342
belgium,1980,216754
burkina_faso,1980,213600
burundi,1980,251
cameroon,1980,0
canada,1980,8975390
chile,1980,428300
costa_rica,1980,427346
cyprus,1980,101509
denmark,1980,186700
ecuador,1980,508174
egypt,1980,52
el_salvador,1980,44217
fiji,1980,8600
finland,1980,1605600
france,1980,1522900
ghana,1980,196910
greece,1980,2907431
guatemala,1980,817299
guyana,1980,67620
haiti,1980,21954
iceland,1980,30760
india,1980,21925026
indonesia,1980,33806
ireland,1980,412118
israel,1980,216516
italy,1980,16457286
japan,1980,1001224
malaysia,1980,24549
mali,1980,7140
malta,1980,5018
mauritius,1980,12548
morocco,1980,575135
netherlands,1980,56832
new_zealand,1980,373496
nigeria,1980,1353893
norway,1980,103807
pakistan,1980,54730
panama,1980,158744
papua_new_guinea,1980,21395
peru,1980,2239861
philippines,1980,105294
portugal,1980,533400
san_marino,1980,11110
sierra_leone,1980,3868
singapore,1980,0
south_africa,1980,168996
south_korea,1980,61269
spain,1980,6177500
sri_lanka,1980,335215
st_kitts_and_nevis,1980,136
st_lucia,1980,3040
suriname,1980,15142
sweden,1980,4478511
switzerland,1980,5718
thailand,1980,5357
trinidad_and_tobago,1980,118414
turkey,1980,1303253
uganda,1980,14255
united_kingdom,1980,11964000
united_states,1980,33288500
venezuela,1980,315313
zambia,1980,79896
zimbabwe,1980,232611
australia,1981,4189300
austria,1981,4024
bangladesh,1981,1198460
barbados,1981,6982
burundi,1981,381
cameroon,1981,1932
canada,1981,8878490
chile,1981,676295
costa_rica,1981,166580
cyprus,1981,18232
denmark,1981,651600
ecuador,1981,368909
egypt,1981,2886
el_salvador,1981,138489
fiji,1981,26500
finland,1981,659100
france,1981,1441600
ghana,1981,220418
greece,1981,812998
guatemala,1981,37075
guyana,1981,125852
haiti,1981,21565
iceland,1981,78410
india,1981,36583564
indonesia,1981,65504
ireland,1981,433979
israel,1981,782300
italy,1981,10527286
japan,1981,553726
kenya,1981,40255
madagascar,1981,2936
malaysia,1981,20167
mali,1981,672
mauritius,1981,15177
morocco,1981,303921
netherlands,1981,24114
new_zealand,1981,388086
nigeria,1981,2617082
norway,1981,28257
pakistan,1981,521803
panama,1981,248281
papua_new_guinea,1981,32966
peru,1981,2496742
philippines,1981,795960
san_marino,1981,3224
sierra_leone,1981,8597
singapore,1981,0
south_africa,1981,232912
south_korea,1981,30948
spain,1981,5153500
sri_lanka,1981,440841
st_kitts_and_nevis,1981,2138
st_lucia,1981,21500
suriname,1981,7247
sweden,1981,209137
switzerland,1981,15
thailand,1981,173398
trinidad_and_tobago,1981,51123
united_kingdom,1981,4266000
united_states,1981,24729700
venezuela,1981,255919
zambia,1981,556408
zimbabwe,1981,48428
australia,1982,1980400
austria,1982,344
bangladesh,1982,238658
barbados,1982,8045
burundi,1982,757
canada,1982,5795420
chile,1982,51644
costa_rica,1982,285932
cyprus,1982,7934
denmark,1982,92700
ecuador,1982,431982
egypt,1982,771
el_salvador,1982,4975
fiji,1982,22700
finland,1982,207600
france,1982,2250200
ghana,1982,11690
greece,1982,1431439
guatemala,1982,0
guyana,1982,140744
haiti,1982,24074
iceland,1982,119016
india,1982,74614764
indonesia,1982,72559
ireland,1982,434253
israel,1982,1814900
italy,1982,18562857
japan,1982,538143
kenya,1982,26658
luxembourg,1982,0
madagascar,1982,16155
malaysia,1982,9970
mali,1982,8640
mauritius,1982,12396
mexico,1982,1363200
morocco,1982,290087
netherlands,1982,215441
new_zealand,1982,330028
nigeria,1982,9188507
norway,1982,281183
pakistan,1982,909272
panama,1982,5463
papua_new_guinea,1982,26975
peru,1982,2843875
philippines,1982,1670018
portugal,1982,456100
san_marino,1982,6247
singapore,1982,0
south_africa,1982,419768
south_korea,1982,11504
spain,1982,2787600
sri_lanka,1982,388672
st_kitts_and_nevis,1982,1320
st_lucia,1982,0
suriname,1982,27006
sweden,1982,1761
switzerland,1982,550
thailand,1982,116795
trinidad_and_tobago,1982,20521
united_kingdom,1982,5313000
united_states,1982,9061200
venezuela,1982,329603
zambia,1982,7702
zimbabwe,1982,21287
australia,1983,1641400
austria,1983,514
bangladesh,1983,392616
barbados,1983,8949
burundi,1983,7182
canada,1983,4443960
chile,1983,58492
costa_rica,1983,30906
cyprus,1983,12831
denmark,1983,78800
dominica,1983,16000
ecuador,1983,467542
egypt,1983,100
el_salvador,1983,92732
fiji,1983,2800
finland,1983,719700
france,1983,1321000
ghana,1983,36957
greece,1983,554547
guatemala,1983,0
guyana,1983,290294
iceland,1983,9
india,1983,46858464
indonesia,1983,13743
ireland,1983,319015
israel,1983,977700
italy,1983,14003000
japan,1983,506873
kenya,1983,18518
luxembourg,1983,0
madagascar,1983,2642
malaysia,1983,8020
mali,1983,13094
mauritius,1983,27721
mexico,1983,775100
morocco,1983,174796
netherlands,1983,118162
new_zealand,1983,371774
nigeria,1983,7268444
norway,1983,5897
pakistan,1983,590406
panama,1983,87267
papua_new_guinea,1983,21350
peru,1983,2537500
philippines,1983,581291
portugal,1983,650700
san_marino,1983,23303
singapore,1983,0
south_africa,1983,139041
south_korea,1983,8671
spain,1983,4416700
sri_lanka,1983,218742
st_kitts_and_nevis,1983,8250
st_lucia,1983,812
suriname,1983,6467
sweden,1983,36923
switzerland,1983,4438
thailand,1983,54537
trinidad_and_tobago,1983,54681
united_kingdom,1983,3754000
united_states,1983,17460700
venezuela,1983,418170
zambia,1983,8170
zimbabwe,1983,379
australia,1984,1307400
austria,1984,543
bangladesh,1984,1022918
barbados,1984,939
canada,1984,3883400
chile,1984,41980
costa_rica,1984,254350
cyprus,1984,11339
denmark,1984,131700
dominica,1984,22000
ecuador,1984,372730
egypt,1984,0
el_salvador,1984,233486
fiji,1984,16600
finland,1984,1526900
france,1984,1316800
ghana,1984,17022
greece,1984,562432
guyana,1984,151999
iceland,1984,301099
india,1984,56025240
indonesia,1984,1708
ireland,1984,386421
israel,1984,995500
italy,1984,8703286
japan,1984,354050
kenya,1984,39395
luxembourg,1984,0
malaysia,1984,11516
mauritius,1984,7895
mexico,1984,238000
morocco,1984,224099
netherlands,1984,29181
new_zealand,1984,424921
nigeria,1984,298184
norway,1984,104349
pakistan,1984,157748
panama,1984,15942
papua_new_guinea,1984,21747
peru,1984,1727000
philippines,1984,1907762
portugal,1984,269700
san_marino,1984,1785
singapore,1984,0
south_africa,1984,431305
south_korea,1984,19900
spain,1984,6357800
sri_lanka,1984,507282
st_kitts_and_nevis,1984,0
st_lucia,1984,0
suriname,1984,120040
sweden,1984,31293
switzerland,1984,662
thailand,1984,183698
trinidad_and_tobago,1984,259654
turkey,1984,3114
united_kingdom,1984,27135000
united_states,1984,8498800
venezuela,1984,108303
zambia,1984,31382
australia,1985,1256200
austria,1985,22752
bangladesh,1985,284920
barbados,1985,5259
belgium,1985,129800
brazil,1985,49575000
canada,1985,3125560
chile,1985,131630
costa_rica,1985,43945
cyprus,1985,16834
denmark,1985,2332700
dominica,1985,0
ecuador,1985,266859
egypt,1985,5900
el_salvador,1985,350676
fiji,1985,55500
finland,1985,174270
france,1985,726700
ghana,1985,8025
greece,1985,1094411
haiti,1985,2094221
iceland,1985,91485
india,1985,29239466
indonesia,1985,557001
ireland,1985,417726
israel,1985,540100
italy,1985,3830820
japan,1985,264054
kenya,1985,28961
luxembourg,1985,0
malaysia,1985,36030
mali,1985,150
mauritius,1985,12203
mexico,1985,333600
morocco,1985,223659
netherlands,1985,89390
new_zealand,1985,756432
nigeria,1985,317926
norway,1985,66473
pakistan,1985,159427
panama,1985,19867
papua_new_guinea,1985,12893
peru,1985,1528500
philippines,1985,2457716
portugal,1985,275400
san_marino,1985,2620
singapore,1985,0
south_africa,1985,678273
south_korea,1985,64300
spain,1985,3223500
sri_lanka,1985,169639
st_kitts_and_nevis,1985,0
st_lucia,1985,240
suriname,1985,18711
sweden,1985,504214
switzerland,1985,662
thailand,1985,13078
trinidad_and_tobago,1985,76554
tunisia,1985,124584
turkey,1985,194296
united_kingdom,1985,6402000
united_states,1985,7079100
venezuela,1985,95800
zambia,1985,66176
australia,1986,1390700
austria,1986,3253
bahamas,1986,0
bangladesh,1986,2079671
barbados,1986,106
brazil,1986,32173000
canada,1986,7151470
chile,1986,60700
costa_rica,1986,40250
cyprus,1986,9797
denmark,1986,93200
ecuador,1986,432497
egypt,1986,3165
el_salvador,1986,2232801
fiji,1986,5221
finland,1986,2787553
france,1986,567600
ghana,1986,24936
greece,1986,1262766
guyana,1986,138364
haiti,1986,644741
iceland,1986,1071
india,1986,32748228
indonesia,1986,109364
ireland,1986,309178
israel,1986,406300
italy,1986,5643710
jamaica,1986,13571
japan,1986,253418
kenya,1986,168010
luxembourg,1986,0
malaysia,1986,14328
mali,1986,74
mauritius,1986,2507
mexico,1986,1836800
morocco,1986,151054
myanmar,1986,0
netherlands,1986,38858
new_zealand,1986,1329054
nigeria,1986,214606
norway,1986,1030928
pakistan,1986,189025
panama,1986,316497
peru,1986,2108375
philippines,1986,3637862
portugal,1986,381900
san_marino,1986,6706
singapore,1986,122
south_africa,1986,1308957
south_korea,1986,72000
spain,1986,2279400
sri_lanka,1986,64630
st_kitts_and_nevis,1986,0
st_lucia,1986,200
st_vincent_and_the_grenadines,1986,0
suriname,1986,16875
sweden,1986,682652
switzerland,1986,72
thailand,1986,157908
trinidad_and_tobago,1986,80707
tunisia,1986,15313
turkey,1986,234940
united_kingdom,1986,1920000
united_states,1986,11861000
zambia,1986,8932
argentina,1987,10561805
australia,1987,1311900
austria,1987,4822
bahamas,1987,525
bangladesh,1987,175278
barbados,1987,2320
brazil,1987,58956000
canada,1987,3810170
chile,1987,104200
costa_rica,1987,909
cyprus,1987,91109
denmark,1987,137300
ecuador,1987,333610
egypt,1987,67
el_salvador,1987,778276
fiji,1987,2076
finland,1987,130890
france,1987,511500
ghana,1987,19401
greece,1987,17829399
guatemala,1987,386
guyana,1987,131449
iceland,1987,98527
india,1987,35358372
indonesia,1987,48596
ireland,1987,264339
israel,1987,995500
italy,1987,4605714
jamaica,1987,18269
japan,1987,256100
kenya,1987,91812
luxembourg,1987,110
malaysia,1987,11035
mali,1987,558
malta,1987,714
mauritius,1987,16552
mexico,1987,2677100
morocco,1987,260981
myanmar,1987,0
netherlands,1987,58276
new_zealand,1987,366307
nigeria,1987,172596
norway,1987,12905
pakistan,1987,270794
panama,1987,450249
peru,1987,1133500
philippines,1987,1907667
poland,1987,380
portugal,1987,113200
san_marino,1987,581
singapore,1987,0
south_africa,1987,5825232
south_korea,1987,6946935
spain,1987,5025000
sri_lanka,1987,44826
st_kitts_and_nevis,1987,726
st_lucia,1987,0
st_vincent_and_the_grenadines,1987,0
suriname,1987,9754
sweden,1987,14726
switzerland,1987,0
thailand,1987,89305
trinidad_and_tobago,1987,30824
tunisia,1987,20893
turkey,1987,1961940
united_kingdom,1987,3546000
united_states,1987,4468800
zambia,1987,154325
argentina,1988,7876899
australia,1988,1641400
austria,1988,8542
bahamas,1988,700
bangladesh,1988,49398
barbados,1988,697
belgium,1988,194000
brazil,1988,53495000
canada,1988,4901260
chile,1988,87400
costa_rica,1988,35620
cyprus,1988,30327
denmark,1988,96500
dominica,1988,0
ecuador,1988,720712
egypt,1988,0
el_salvador,1988,15815
fiji,1988,7018
finland,1988,179820
france,1988,1094000
ghana,1988,7152
greece,1988,6523896
guyana,1988,232595
haiti,1988,409564
iceland,1988,100773
india,1988,33946925
indonesia,1988,108598
ireland,1988,143393
israel,1988,516100
italy,1988,3315143
jamaica,1988,45894
japan,1988,173797
luxembourg,1988,0
malaysia,1988,5784
mali,1988,0
malta,1988,8327
mauritius,1988,18120
mexico,1988,2097500
moldova,1988,0
morocco,1988,122067
myanmar,1988,0
netherlands,1988,8922
new_zealand,1988,381710
nigeria,1988,124989
norway,1988,83254
pakistan,1988,197351
panama,1988,24686
peru,1988,4784375
philippines,1988,1524791
poland,1988,291700
portugal,1988,197900
san_marino,1988,713
singapore,1988,0
south_africa,1988,914388
south_korea,1988,5400836
spain,1988,11641100
sri_lanka,1988,36501
st_kitts_and_nevis,1988,0
st_vincent_and_the_grenadines,1988,468
suriname,1988,5592
sweden,1988,797416
switzerland,1988,870
thailand,1988,39850
trinidad_and_tobago,1988,7102
tunisia,1988,59457
turkey,1988,1892655
united_kingdom,1988,3702000
united_states,1988,4381400
zambia,1988,51009
argentina,1989,2331227
australia,1989,1202400
austria,1989,2986
azerbaijan,1989,1044191
bahamas,1989,0
bangladesh,1989,83771
barbados,1989,3931
belarus,1989,11900
belgium,1989,132800
brazil,1989,37000
canada,1989,3701360
chile,1989,298600
costa_rica,1989,108120
cyprus,1989,32826
denmark,1989,52900
dominica,1989,440
ecuador,1989,684437
egypt,1989,1731
el_salvador,1989,1574225
fiji,1989,5035
finland,1989,204210
france,1989,800225
ghana,1989,15704
greece,1989,9280631
guyana,1989,686356
iceland,1989,79970
india,1989,32663377
indonesia,1989,30693
ireland,1989,50358
israel,1989,234100
italy,1989,4436100
jamaica,1989,28730
japan,1989,219592
kenya,1989,45993
luxembourg,1989,0
malaysia,1989,22877
mali,1989,2308
malta,1989,3742
mauritius,1989,14720
mexico,1989,1519600
moldova,1989,1515900
morocco,1989,301841
myanmar,1989,0
netherlands,1989,23820
new_zealand,1989,193308
nigeria,1989,511695
norway,1989,16880
pakistan,1989,186309
panama,1989,0
peru,1989,1902875
philippines,1989,955178
poland,1989,695800
portugal,1989,387400
san_marino,1989,44317
singapore,1989,0
south_africa,1989,1410834
south_korea,1989,6351400
spain,1989,3685400
sri_lanka,1989,838888
st_kitts_and_nevis,1989,0
st_vincent_and_the_grenadines,1989,39
suriname,1989,7456
sweden,1989,409713
switzerland,1989,265
thailand,1989,99858
trinidad_and_tobago,1989,91070
tunisia,1989,46652
turkey,1989,2911407
ukraine,1989,971900
united_kingdom,1989,4128000
united_states,1989,16529900
zambia,1989,32173
australia,1990,1376500
austria,1990,8870
azerbaijan,1990,1075162
bahamas,1990,0
bangladesh,1990,28479
barbados,1990,1754
belarus,1990,28900
belgium,1990,103000
brazil,1990,17000
canada,1990,5079190
chile,1990,245192
costa_rica,1990,158500
cyprus,1990,32174
denmark,1990,97600
ecuador,1990,428307
egypt,1990,2120
el_salvador,1990,153526
fiji,1990,139245
finland,1990,935150
france,1990,528000
ghana,1990,7202
greece,1990,23440717
guinea,1990,90004
guyana,1990,244498
iceland,1990,231
india,1990,24086170
indonesia,1990,316590
ireland,1990,222916
israel,1990,1071300
italy,1990,5181300
jamaica,1990,30676
japan,1990,144511
luxembourg,1990,10
malaysia,1990,301978
malta,1990,4565
mauritius,1990,3136
mexico,1990,43817
moldova,1990,0
morocco,1990,322683
myanmar,1990,0
namibia,1990,470600
netherlands,1990,206717
new_zealand,1990,330923
nicaragua,1990,7866
nigeria,1990,1373540
norway,1990,139047
pakistan,1990,186710
panama,1990,0
papua_new_guinea,1990,26439
peru,1990,1883485
philippines,1990,1344590
poland,1990,159000
portugal,1990,146500
romania,1990,579600
russia,1990,207700
san_marino,1990,3591
singapore,1990,0
south_africa,1990,2792844
south_korea,1990,4487200
spain,1990,2612900
sri_lanka,1990,193666
st_kitts_and_nevis,1990,0
st_vincent_and_the_grenadines,1990,119
suriname,1990,6247
sweden,1990,770356
switzerland,1990,4090
thailand,1990,71567
trinidad_and_tobago,1990,10439
tunisia,1990,87847
turkey,1990,3466550
ukraine,1990,126100
united_kingdom,1990,1903000
united_states,1990,5925500
zambia,1990,219375
australia,1991,1610600
austria,1991,58341
bahamas,1991,0
bangladesh,1991,29811
barbados,1991,643
belarus,1991,279700
belgium,1991,66500
brazil,1991,7000
burkina_faso,1991,1692
canada,1991,2516090
cape_verde,1991,1916
chad,1991,604
chile,1991,733794
costa_rica,1991,98289
cyprus,1991,10347
czech_republic,1991,2300
denmark,1991,70000
dominica,1991,0
ecuador,1991,307282
egypt,1991,1100
el_salvador,1991,815414
fiji,1991,97887
finland,1991,458338
france,1991,497300
ghana,1991,9692
greece,1991,5839663
guinea,1991,8259
guyana,1991,110871
hungary,1991,9453
iceland,1991,3413
india,1991,26428092
indonesia,1991,534610
ireland,1991,85513
israel,1991,97900
italy,1991,2985000
jamaica,1991,47674
japan,1991,96445
luxembourg,1991,0
malaysia,1991,23448
malta,1991,461
mauritius,1991,117
mexico,1991,16862
moldova,1991,0
morocco,1991,381637
myanmar,1991,0
namibia,1991,17550
netherlands,1991,96356
new_zealand,1991,99030
nicaragua,1991,709988
nigeria,1991,2588825
norway,1991,2564
pakistan,1991,582694
panama,1991,0
papua_new_guinea,1991,1218
peru,1991,1110110
philippines,1991,1139809
poland,1991,517900
portugal,1991,123800
romania,1991,987900
russia,1991,2314200
san_marino,1991,66
singapore,1991,0
slovakia,1991,167028
south_africa,1991,1339333
south_korea,1991,3257600
spain,1991,4536600
sri_lanka,1991,109078
st_kitts_and_nevis,1991,0
st_vincent_and_the_grenadines,1991,204
suriname,1991,2210
sweden,1991,21724
switzerland,1991,51
thailand,1991,236020
trinidad_and_tobago,1991,15673
tunisia,1991,50349
turkey,1991,3809354
ukraine,1991,1873100
united_kingdom,1991,761000
united_states,1991,4583600
zambia,1991,258061
antigua_and_barbuda,1992,1245
australia,1992,941200
austria,1992,23437
bahamas,1992,0
bangladesh,1992,20339
barbados,1992,36473
belarus,1992,88900
belgium,1992,198700
brazil,1992,17590794
canada,1992,2110180
chad,1992,200
chile,1992,344708
costa_rica,1992,5776474
cyprus,1992,59720
czech_republic,1992,18700
denmark,1992,62800
dominica,1992,0
ecuador,1992,319685
egypt,1992,0
el_salvador,1992,1051051
estonia,1992,0
fiji,1992,10539
finland,1992,76094
france,1992,359200
greece,1992,2830017
guinea,1992,810
guyana,1992,126747
hungary,1992,4170
iceland,1992,385
india,1992,31258744
indonesia,1992,1019654
ireland,1992,190609
israel,1992,386700
italy,1992,2737100
jamaica,1992,154172
japan,1992,231424
kazakhstan,1992,25613
luxembourg,1992,0
malaysia,1992,16164
malta,1992,99
mauritius,1992,5602
mexico,1992,24614
moldova,1992,153700
morocco,1992,285786
myanmar,1992,0
namibia,1992,2592482
netherlands,1992,85416
new_zealand,1992,113742
nicaragua,1992,184986
nigeria,1992,1185381
norway,1992,365319
pakistan,1992,398128
panama,1992,352
papua_new_guinea,1992,6733
peru,1992,289922
philippines,1992,723689
poland,1992,2360400
portugal,1992,189900
romania,1992,17000
russia,1992,1893300
san_marino,1992,15
singapore,1992,0
slovakia,1992,14222
south_africa,1992,1727375
south_korea,1992,1527612
spain,1992,6332600
sri_lanka,1992,271311
st_vincent_and_the_grenadines,1992,0
suriname,1992,4336
swaziland,1992,19519
sweden,1992,28141
switzerland,1992,673
thailand,1992,235182
trinidad_and_tobago,1992,69258
tunisia,1992,65662
turkey,1992,1153578
uganda,1992,174
ukraine,1992,865700
united_kingdom,1992,528000
united_states,1992,3988600
zambia,1992,110713
algeria,1993,1800000
antigua_and_barbuda,1993,150
australia,1993,635800
austria,1993,13008
bangladesh,1993,16029
barbados,1993,38
belarus,1993,500
belgium,1993,54700
brazil,1993,69330771
canada,1993,1516640
chile,1993,59741
costa_rica,1993,3394255
cyprus,1993,23883
czech_republic,1993,300
denmark,1993,113700
dominica,1993,532
ecuador,1993,113961
egypt,1993,1139
el_salvador,1993,462695
estonia,1993,0
fiji,1993,34068
finland,1993,17316
france,1993,510900
germany,1993,592995
greece,1993,1602316
guyana,1993,129344
hungary,1993,5195
iceland,1993,90
india,1993,20300653
indonesia,1993,966931
ireland,1993,60987
israel,1993,1636900
italy,1993,3411000
jamaica,1993,83269
japan,1993,116003
kazakhstan,1993,0
luxembourg,1993,0
malaysia,1993,7162
malta,1993,2607
mauritius,1993,248
mexico,1993,35334
moldova,1993,400
morocco,1993,487042
myanmar,1993,0
namibia,1993,401056
netherlands,1993,44673
new_zealand,1993,23770
nicaragua,1993,26763
nigeria,1993,12908412
norway,1993,33832
panama,1993,0
papua_new_guinea,1993,5424
peru,1993,270970
philippines,1993,709584
poland,1993,580400
portugal,1993,79900
romania,1993,89504
russia,1993,236800
san_marino,1993,142
singapore,1993,0
slovakia,1993,315
south_africa,1993,836317
south_korea,1993,1308326
spain,1993,2141300
sri_lanka,1993,21396
st_vincent_and_the_grenadines,1993,0
suriname,1993,22629
swaziland,1993,79132
sweden,1993,189828
switzerland,1993,0
thailand,1993,242803
trinidad_and_tobago,1993,29099
tunisia,1993,59633
turkey,1993,574741
uganda,1993,630
ukraine,1993,2676400
united_kingdom,1993,649000
united_states,1993,3981200
zambia,1993,23568
algeria,1994,969474
antigua_and_barbuda,1994,0
australia,1994,501600
austria,1994,0
bangladesh,1994,2821
barbados,1994,19
belarus,1994,5500
belgium,1994,71300
brazil,1994,16782201
cambodia,1994,2765
canada,1994,1606580
chile,1994,34819
costa_rica,1994,159324
cyprus,1994,28911
czech_republic,1994,3100
denmark,1994,75000
ecuador,1994,73633
egypt,1994,23158
el_salvador,1994,139548
estonia,1994,0
fiji,1994,1783
finland,1994,525703
france,1994,500500
germany,1994,229436
greece,1994,665666
guyana,1994,90138
hungary,1994,28647
iceland,1994,97343
india,1994,20983082
indonesia,1994,1421032
ireland,1994,25550
israel,1994,792553
italy,1994,3374000
jamaica,1994,155491
japan,1994,85377
malaysia,1994,5675
malta,1994,2830
mauritius,1994,1462
mexico,1994,29000
moldova,1994,0
morocco,1994,504750
myanmar,1994,0
netherlands,1994,47387
new_zealand,1994,38265
nicaragua,1994,8931
nigeria,1994,233684771
norway,1994,97213
pakistan,1994,341196
panama,1994,4776
peru,1994,242075
philippines,1994,567702
poland,1994,561800
portugal,1994,96800
romania,1994,361075
russia,1994,755100
san_marino,1994,19
singapore,1994,0
slovakia,1994,17552
south_africa,1994,2232073
south_korea,1994,1484368
spain,1994,6276700
sri_lanka,1994,179475
st_vincent_and_the_grenadines,1994,0
suriname,1994,23927
swaziland,1994,156151
sweden,1994,52398
switzerland,1994,14380
thailand,1994,81203
trinidad_and_tobago,1994,11286
tunisia,1994,93804
turkey,1994,242589
uganda,1994,41739
ukraine,1994,352500
united_kingdom,1994,278000
united_states,1994,5021500
zambia,1994,37266
algeria,1995,891653
australia,1995,547600
austria,1995,120
bangladesh,1995,75023
barbados,1995,334
belarus,1995,0
belgium,1995,100200
botswana,1995,3440
brazil,1995,22159769
burundi,1995,1416
cambodia,1995,0
canada,1995,1583070
chile,1995,350124
costa_rica,1995,2531220
cyprus,1995,97609
czech_republic,1995,2000
denmark,1995,197300
ecuador,1995,27013
egypt,1995,4241
el_salvador,1995,396018
estonia,1995,0
fiji,1995,21448
finland,1995,869422
france,1995,784000
germany,1995,247460
greece,1995,449960
guyana,1995,81357
hungary,1995,258585
iceland,1995,217186
india,1995,16289569
indonesia,1995,1300001
ireland,1995,130300
israel,1995,257796
italy,1995,909300
jamaica,1995,181020
japan,1995,76971
liechtenstein,1995,0
malaysia,1995,4884
malta,1995,5302
mauritius,1995,2165
mexico,1995,25013
moldova,1995,0
morocco,1995,182553
myanmar,1995,0
netherlands,1995,691500
new_zealand,1995,53352
nicaragua,1995,3986
nigeria,1995,32776
norway,1995,50669
pakistan,1995,63626
panama,1995,4600
peru,1995,131094
philippines,1995,584179
poland,1995,56300
portugal,1995,62900
romania,1995,212085
russia,1995,1367000
san_marino,1995,1903
singapore,1995,0
slovakia,1995,0
south_africa,1995,1600000
south_korea,1995,392581
spain,1995,1457100
sri_lanka,1995,293519
st_vincent_and_the_grenadines,1995,0
suriname,1995,100644
sweden,1995,627291
switzerland,1995,351
thailand,1995,219934
trinidad_and_tobago,1995,209742
tunisia,1995,61976
turkey,1995,4838241
uganda,1995,9537
ukraine,1995,202400
united_kingdom,1995,415000
united_states,1995,5771200
zambia,1995,24226
algeria,1996,922737
antigua_and_barbuda,1996,46
australia,1996,928500
austria,1996,0
bangladesh,1996,22
barbados,1996,765
belarus,1996,0
belgium,1996,146256
botswana,1996,699
brazil,1996,21983377
burundi,1996,120
cambodia,1996,0
canada,1996,3351850
chile,1996,234566
costa_rica,1996,92712
cyprus,1996,7705
czech_republic,1996,16400
denmark,1996,75700
ecuador,1996,55210
egypt,1996,5592
el_salvador,1996,240978
estonia,1996,0
finland,1996,20078
france,1996,444100
germany,1996,98135
greece,1996,765336
guyana,1996,104843
hungary,1996,2396
iceland,1996,0
india,1996,20284803
indonesia,1996,2496448
ireland,1996,114585
israel,1996,190146
italy,1996,1930000
jamaica,1996,39624
japan,1996,42809
jordan,1996,0
liechtenstein,1996,0
malaysia,1996,2553
malta,1996,16015
mauritius,1996,2727
mexico,1996,40032
moldova,1996,0
morocco,1996,353484
myanmar,1996,0
nepal,1996,26696
netherlands,1996,7400
new_zealand,1996,69514
nicaragua,1996,6961
nigeria,1996,94664
norway,1996,549842
pakistan,1996,203323
panama,1996,69520
peru,1996,174985
philippines,1996,518860
poland,1996,75000
portugal,1996,52800
romania,1996,142435
russia,1996,4009400
san_marino,1996,1040
singapore,1996,0
south_africa,1996,1700000
south_korea,1996,893000
spain,1996,1579700
sri_lanka,1996,388917
suriname,1996,74978
swaziland,1996,2242
sweden,1996,61348
switzerland,1996,7266
thailand,1996,92081
trinidad_and_tobago,1996,694
tunisia,1996,33353
turkey,1996,274322
uganda,1996,43736
ukraine,1996,2134200
united_kingdom,1996,1303300
united_states,1996,4888600
zambia,1996,37148
algeria,1997,648694
australia,1997,534200
austria,1997,19125
bangladesh,1997,0
barbados,1997,428
belarus,1997,0
belgium,1997,40100
botswana,1997,1410
brazil,1997,6893991
burundi,1997,700
canada,1997,3610210
chile,1997,214485
costa_rica,1997,254782
cyprus,1997,5240
denmark,1997,101700
dominica,1997,1746
ecuador,1997,197918
egypt,1997,1687
el_salvador,1997,72481
estonia,1997,0
finland,1997,103713
france,1997,393380
germany,1997,52896
greece,1997,390760
guyana,1997,99503
hungary,1997,1923
iceland,1997,34073
india,1997,16971389
indonesia,1997,1250403
ireland,1997,74508
israel,1997,2416254
italy,1997,1185600
jamaica,1997,50610
japan,1997,110171
jordan,1997,0
kenya,1997,217012
latvia,1997,110
liechtenstein,1997,0
malaysia,1997,2396
malta,1997,14652
mauritius,1997,22202
mexico,1997,55968
moldova,1997,0
morocco,1997,231459
myanmar,1997,1357
nepal,1997,68742
netherlands,1997,14600
new_zealand,1997,24616
nicaragua,1997,824
nigeria,1997,359801
norway,1997,6972
pakistan,1997,283342
panama,1997,3360
peru,1997,39926
philippines,1997,672730
poland,1997,27800
portugal,1997,80100
romania,1997,167348
russia,1997,6000500
san_marino,1997,198
singapore,1997,0
slovakia,1997,93
south_africa,1997,656556
south_korea,1997,444700
spain,1997,1836800
sri_lanka,1997,325477
sweden,1997,23579
switzerland,1997,435
thailand,1997,150610
trinidad_and_tobago,1997,31535
tunisia,1997,40486
turkey,1997,181913
uganda,1997,1980
ukraine,1997,1228800
united_kingdom,1997,234700
united_states,1997,4497100
zambia,1997,81707
algeria,1998,202558
australia,1998,526300
austria,1998,0
bangladesh,1998,155760
barbados,1998,7452
belarus,1998,0
belgium,1998,87100
botswana,1998,4285
brazil,1998,16795023
burundi,1998,558
cambodia,1998,98230
canada,1998,2440960
chile,1998,123507
cyprus,1998,7948
denmark,1998,3173000
ecuador,1998,44161
egypt,1998,21565
el_salvador,1998,51651
estonia,1998,0
finland,1998,133203
france,1998,345600
germany,1998,16102
greece,1998,283903
guyana,1998,71563
hungary,1998,392
iceland,1998,67640
india,1998,22061984
ireland,1998,37374
israel,1998,1438944
italy,1998,580400
jamaica,1998,94996
japan,1998,101508
jordan,1998,0
latvia,1998,16
liechtenstein,1998,0
malaysia,1998,2685
malta,1998,1828
mauritius,1998,14093
mexico,1998,44750
morocco,1998,386303
myanmar,1998,0
nepal,1998,24753
netherlands,1998,33200
new_zealand,1998,11778
nicaragua,1998,2513
nigeria,1998,47631
norway,1998,286407
pakistan,1998,122519
panama,1998,2154130
peru,1998,40396
philippines,1998,556796
poland,1998,42741
portugal,1998,94755
romania,1998,360967
russia,1998,2881500
san_marino,1998,20704
singapore,1998,0
slovakia,1998,0
south_africa,1998,3833095
south_korea,1998,1452096
spain,1998,1280900
sri_lanka,1998,265145
st_vincent_and_the_grenadines,1998,0
suriname,1998,44829
sweden,1998,1677
switzerland,1998,24719
thailand,1998,213560
trinidad_and_tobago,1998,8854
tunisia,1998,42886
turkey,1998,282638
uganda,1998,8780
ukraine,1998,131125
united_kingdom,1998,282400
united_states,1998,5115700
algeria,1999,242665
argentina,1999,6248966
australia,1999,650600
austria,1999,0
bangladesh,1999,1978
belarus,1999,0
belgium,1999,76310
botswana,1999,33500
brazil,1999,5934657
burundi,1999,60500
cambodia,1999,4828000
canada,1999,2440630
chile,1999,103232
cyprus,1999,26037
denmark,1999,91800
ecuador,1999,51361
egypt,1999,4078
el_salvador,1999,626388
estonia,1999,0
finland,1999,18954
france,1999,568135
germany,1999,78785
guyana,1999,158424
hungary,1999,241959
iceland,1999,0
india,1999,26786856
ireland,1999,215587
israel,1999,1640890
italy,1999,909100
jamaica,1999,69025
japan,1999,87069
jordan,1999,0
latvia,1999,26692
liechtenstein,1999,0
malaysia,1999,10555
mauritius,1999,2779
mexico,1999,106370
morocco,1999,455831
myanmar,1999,2000
nepal,1999,98691
netherlands,1999,75800
new_zealand,1999,16674
nicaragua,1999,73
nigeria,1999,3158087
norway,1999,7148
pakistan,1999,188453
panama,1999,14852
peru,1999,90532
philippines,1999,229248
poland,1999,106893
portugal,1999,67500
romania,1999,1402998
russia,1999,1827200
san_marino,1999,1250
singapore,1999,0
slovakia,1999,0
south_africa,1999,2625535
south_korea,1999,1366281
spain,1999,1504589
sri_lanka,1999,304246
st_vincent_and_the_grenadines,1999,7
sweden,1999,78735
switzerland,1999,2675
thailand,1999,142913
trinidad_and_tobago,1999,23332
tunisia,1999,36790
turkey,1999,229825
uganda,1999,10481
ukraine,1999,443125
united_kingdom,1999,241800
united_states,1999,1995800
algeria,2000,436555
argentina,2000,12392241
australia,2000,469100
austria,2000,2947
bangladesh,2000,2284
belarus,2000,0
belgium,2000,264919
botswana,2000,27794
brazil,2000,238921522
burundi,2000,31140
cambodia,2000,3315588
canada,2000,1644100
chile,2000,114306
cyprus,2000,1136
denmark,2000,124800
ecuador,2000,115558
egypt,2000,1377
el_salvador,2000,621186
estonia,2000,0
finland,2000,253838
france,2000,807758
gabon,2000,24867
germany,2000,10776
guyana,2000,56175
hungary,2000,149845
iceland,2000,47093
india,2000,28763121
ireland,2000,97046
israel,2000,2011263
italy,2000,884100
jamaica,2000,22580
japan,2000,35050
jordan,2000,0
latvia,2000,0
liechtenstein,2000,0
lithuania,2000,10394
malaysia,2000,6068
malta,2000,4764
mauritius,2000,4531
mexico,2000,48767
morocco,2000,395703
myanmar,2000,4875
nepal,2000,174526
netherlands,2000,9400
new_zealand,2000,11495
nicaragua,2000,0
nigeria,2000,6287733
norway,2000,496568
pakistan,2000,667
panama,2000,30168
peru,2000,22711
philippines,2000,319233
poland,2000,74266
portugal,2000,40545
romania,2000,565422
russia,2000,236400
san_marino,2000,1250
singapore,2000,0
slovakia,2000,0
south_africa,2000,1669966
south_korea,2000,1893563
spain,2000,3616907
sri_lanka,2000,64481
st_vincent_and_the_grenadines,2000,11
sweden,2000,272
switzerland,2000,4757
thailand,2000,225788
trinidad_and_tobago,2000,880
tunisia,2000,47549
turkey,2000,368475
uganda,2000,2376
ukraine,2000,280500
united_kingdom,2000,498800
united_states,2000,20419400
algeria,2001,237776
australia,2001,393100
austria,2001,0
barbados,2001,5411
belarus,2001,0
belgium,2001,460177
brazil,2001,71886654
burundi,2001,54200
cambodia,2001,60358
canada,2001,2202500
chile,2001,127157
cyprus,2001,4778
denmark,2001,56000
ecuador,2001,19259
egypt,2001,2
el_salvador,2001,40561
estonia,2001,0
finland,2001,60652
france,2001,691914
germany,2001,26833
guyana,2001,60755
hungary,2001,7685
iceland,2001,207663
india,2001,23766809
ireland,2001,114613
israel,2001,2039973
italy,2001,1026000
jamaica,2001,13178
japan,2001,29101
jordan,2001,0
latvia,2001,6
liechtenstein,2001,0
lithuania,2001,2167
malaysia,2001,5599
malta,2001,2793
mauritius,2001,6720
mexico,2001,73570
morocco,2001,259906
myanmar,2001,7226
nepal,2001,7206
netherlands,2001,45100
new_zealand,2001,54440
nicaragua,2001,0
nigeria,2001,1030199
norway,2001,619
pakistan,2001,7078
panama,2001,340623
peru,2001,61116
philippines,2001,206493
poland,2001,4201
portugal,2001,41570
romania,2001,1114
russia,2001,47100
san_marino,2001,20045
singapore,2001,0
slovakia,2001,0
south_africa,2001,953610
south_korea,2001,1083079
spain,2001,1923758
sri_lanka,2001,69997
sweden,2001,11098
switzerland,2001,20098
thailand,2001,6067
trinidad_and_tobago,2001,13544
tunisia,2001,50590
turkey,2001,286015
uganda,2001,1084
ukraine,2001,36875
united_kingdom,2001,525100
united_states,2001,1151300
algeria,2002,533764
australia,2002,259000
austria,2002,9306
barbados,2002,1911
belarus,2002,0
belgium,2002,60954
brazil,2002,116620512
canada,2002,2985940
chile,2002,207224
cyprus,2002,7051
denmark,2002,193600
ecuador,2002,98400
egypt,2002,2654
el_salvador,2002,72813
finland,2002,74985
france,2002,248114
germany,2002,310149
guyana,2002,70544
hungary,2002,1377
iceland,2002,0
india,2002,26585919
ireland,2002,21257
israel,2002,1488120
italy,2002,4861000
jamaica,2002,4963
japan,2002,12262
jordan,2002,0
latvia,2002,3055
liechtenstein,2002,0
lithuania,2002,3055
malaysia,2002,1638
malta,2002,744
mauritius,2002,7440
mexico,2002,110420
morocco,2002,141083
myanmar,2002,4550
nepal,2002,12355
netherlands,2002,245500
new_zealand,2002,34398
nicaragua,2002,0
nigeria,2002,2578692
norway,2002,150775
pakistan,2002,12160
panama,2002,3372
peru,2002,111815
philippines,2002,358152
poland,2002,118
portugal,2002,108062
romania,2002,34223
russia,2002,29100
san_marino,2002,454520
singapore,2002,0
slovakia,2002,0
south_africa,2002,615723
south_korea,2002,1580424
spain,2002,4945091
sri_lanka,2002,70350
sweden,2002,838
switzerland,2002,21447
thailand,2002,23902
trinidad_and_tobago,2002,11873
tunisia,2002,47282
turkey,2002,43885
uganda,2002,4086
ukraine,2002,128300
united_kingdom,2002,1323300
united_states,2002,659600
algeria,2003,181045
australia,2003,439400
austria,2003,1305466
belarus,2003,0
belgium,2003,239344
brazil,2003,340954860
canada,2003,1730342
chile,2003,73467
cyprus,2003,6901
denmark,2003,55100
ecuador,2003,112574
egypt,2003,19969
el_salvador,2003,153962
estonia,2003,10993
finland,2003,66136
france,2003,223795
germany,2003,163281
guyana,2003,53577
hungary,2003,2426
iceland,2003,0
india,2003,30255911
ireland,2003,37482
israel,2003,2725159
italy,2003,1961700
jamaica,2003,65976
japan,2003,6727
jordan,2003,0
latvia,2003,0
liechtenstein,2003,0
lithuania,2003,0
malta,2003,3306
mauritius,2003,7734
mexico,2003,39438
myanmar,2003,12979
netherlands,2003,15000
new_zealand,2003,19463
nigeria,2003,5690952
norway,2003,962
pakistan,2003,7183
panama,2003,49000
peru,2003,881362
philippines,2003,150465
poland,2003,6551
portugal,2003,53370
romania,2003,11786
russia,2003,29453
san_marino,2003,7343
singapore,2003,0
slovakia,2003,4
south_africa,2003,919780
south_korea,2003,1298663
spain,2003,792101
sri_lanka,2003,87172
sweden,2003,627541
switzerland,2003,6141
thailand,2003,24051
trinidad_and_tobago,2003,52568
tunisia,2003,53338
turkey,2003,144772
uganda,2003,3600
ukraine,2003,420500
united_kingdom,2003,499100
united_states,2003,4077400
algeria,2004,628838
australia,2004,379800
austria,2004,178
belarus,2004,0
belgium,2004,166287
brazil,2004,150484289
canada,2004,3185165
chile,2004,172858
cyprus,2004,9053
denmark,2004,76400
ecuador,2004,64210
el_salvador,2004,49986
finland,2004,42385
france,2004,193423
germany,2004,50673
guyana,2004,83760
hungary,2004,19067
iceland,2004,140448
india,2004,23866367
ireland,2004,20784
israel,2004,1224423
italy,2004,698571
jamaica,2004,1553
japan,2004,9755
jordan,2004,0
latvia,2004,0
liechtenstein,2004,0
lithuania,2004,0
malta,2004,1652
mauritius,2004,114
mexico,2004,15270
myanmar,2004,3723
netherlands,2004,62200
new_zealand,2004,6162
nicaragua,2004,51
nigeria,2004,2737399
norway,2004,141179
panama,2004,952
peru,2004,582328
philippines,2004,53434
poland,2004,358
portugal,2004,46096
romania,2004,21403
russia,2004,210852
san_marino,2004,3500
singapore,2004,0
slovakia,2004,0
south_africa,2004,1286003
south_korea,2004,1198779
spain,2004,4472576
sri_lanka,2004,81100
sweden,2004,15282
switzerland,2004,38915
thailand,2004,472
trinidad_and_tobago,2004,1583373
tunisia,2004,66816
turkey,2004,93161
uganda,2004,3936
ukraine,2004,66400
united_kingdom,2004,904900
united_states,2004,1017200
australia,2005,228300
austria,2005,0
belgium,2005,669982
brazil,2005,230604495
canada,2005,4147580
chile,2005,99931
cyprus,2005,13967
denmark,2005,51100
ecuador,2005,25290
el_salvador,2005,46701
estonia,2005,0
finland,2005,672904
france,2005,1997000
germany,2005,18633
guyana,2005,85186
hungary,2005,963
india,2005,29664999
ireland,2005,26665
israel,2005,244236
italy,2005,906857
jamaica,2005,1340
japan,2005,5629
jordan,2005,0
latvia,2005,0
liechtenstein,2005,0
lithuania,2005,834
malta,2005,1341
mauritius,2005,10310
mexico,2005,37716
myanmar,2005,1250
netherlands,2005,41700
new_zealand,2005,30028
nigeria,2005,4308013
norway,2005,10998
panama,2005,540
peru,2005,478738
philippines,2005,123329
poland,2005,413
portugal,2005,27333
romania,2005,12506
russia,2005,85929
san_marino,2005,24000
singapore,2005,0
slovakia,2005,0
south_africa,2005,2627953
south_korea,2005,847697
spain,2005,951495
sri_lanka,2005,158352
sweden,2005,568
switzerland,2005,1392
thailand,2005,45857
tunisia,2005,84496
turkey,2005,176824
ukraine,2005,25940
united_kingdom,2005,223801
united_states,2005,1348000
argentina,2006,6332776
australia,2006,132600
austria,2006,0
belgium,2006,88941
brazil,2006,183776042
canada,2006,792923
central_african_republic,2006,3
chile,2006,195344
cyprus,2006,26898
denmark,2006,85900
ecuador,2006,91676
el_salvador,2006,97093
estonia,2006,8
finland,2006,85075
france,2006,1421400
germany,2006,428739
guyana,2006,120032
hungary,2006,6501
india,2006,20324378
ireland,2006,7352
israel,2006,136189
italy,2006,554713
japan,2006,7914
latvia,2006,0
liechtenstein,2006,0
lithuania,2006,0
luxembourg,2006,0
malta,2006,2935
mauritius,2006,4290
mexico,2006,7751
myanmar,2006,1109
netherlands,2006,15800
new_zealand,2006,27983
nigeria,2006,7785993
norway,2006,146758
panama,2006,2109
peru,2006,446584
philippines,2006,43519
poland,2006,31418
portugal,2006,44732
romania,2006,24390
russia,2006,1416
san_marino,2006,0
singapore,2006,0
slovakia,2006,14
south_africa,2006,4152563
south_korea,2006,1200567
spain,2006,927712
sri_lanka,2006,4895148
sweden,2006,1971
switzerland,2006,7870
thailand,2006,24000
tunisia,2006,89644
turkey,2006,165666
ukraine,2006,39800
united_kingdom,2006,754500
united_states,2006,2687500
argentina,2007,8396498
australia,2007,49700
austria,2007,0
belgium,2007,127442
brazil,2007,237156516
canada,2007,1770707
central_african_republic,2007,12
chile,2007,163770
cyprus,2007,10289
denmark,2007,91700
ecuador,2007,68439
el_salvador,2007,3883
estonia,2007,75
finland,2007,94579
france,2007,1553000
germany,2007,286368
guyana,2007,66299
hungary,2007,27848
india,2007,27166752
ireland,2007,6038
israel,2007,2548627
italy,2007,929714
japan,2007,33236
latvia,2007,0
lithuania,2007,9559
malta,2007,721
mauritius,2007,15214
mexico,2007,21593
myanmar,2007,1019
netherlands,2007,26400
new_zealand,2007,11439
norway,2007,3954
panama,2007,110610
peru,2007,2216520
philippines,2007,12112
poland,2007,186213
portugal,2007,29851
romania,2007,494034
russia,2007,20457
san_marino,2007,0
singapore,2007,0
slovakia,2007,6
south_africa,2007,9528945
south_korea,2007,536285
spain,2007,1187654
sri_lanka,2007,39237
sweden,2007,13666
switzerland,2007,7083
thailand,2007,11601
tunisia,2007,107515
turkey,2007,1353558
ukraine,2007,31953
united_kingdom,2007,1041100
united_states,2007,1264800
argentina,2008,8623982
australia,2008,196500
austria,2008,0
belgium,2008,263613
botswana,2008,1
brazil,2008,143432937
canada,2008,875640
chile,2008,202178
cyprus,2008,1034
denmark,2008,1869100
ecuador,2008,36672
el_salvador,2008,7213
estonia,2008,50
finland,2008,16352
france,2008,1418500
germany,2008,131679
india,2008,16683942
ireland,2008,4179
israel,2008,87151
italy,2008,722714
japan,2008,11205
latvia,2008,3254
lithuania,2008,31601
malta,2008,1771
mauritius,2008,15482
mexico,2008,60089
myanmar,2008,1087
netherlands,2008,120600
norway,2008,62568
panama,2008,17454
peru,2008,1520960
philippines,2008,38711
poland,2008,275819
romania,2008,138453
russia,2008,29081
singapore,2008,0
slovakia,2008,2
south_africa,2008,497436
south_korea,2008,809402
spain,2008,1510219
sri_lanka,2008,65665
sweden,2008,106801
switzerland,2008,13844
turkey,2008,145725
ukraine,2008,164456
united_kingdom,2008,758861
united_states,2008,1954100
uruguay,2008,876600
argentina,2009,9135253
austria,2009,0
barbados,2009,648
brazil,2009,4339
costa_rica,2009,36
cyprus,2009,1743
denmark,2009,15000
el_salvador,2009,66519
france,2009,16623978
germany,2009,66927
india,2009,13296719
israel,2009,208691
japan,2009,7492
latvia,2009,58
malta,2009,75945
mexico,2009,1477
new_zealand,2009,14088
panama,2009,42000
peru,2009,1452500
philippines,2009,6560
poland,2009,9141
san_marino,2009,8250
singapore,2009,0
slovakia,2009,0
south_africa,2009,1526796
south_korea,2009,626921
spain,2009,1290852
sri_lanka,2009,7665
sweden,2009,1560
switzerland,2009,395
trinidad_and_tobago,2009,36252
ukraine,2009,31481
united_kingdom,2009,455200
united_states,2009,124100
uruguay,2009,551028
argentina,2010,6593374
austria,2010,0
barbados,2010,0
brazil,2010,5613
costa_rica,2010,24
cyprus,2010,200
denmark,2010,18500
el_salvador,2010,11045
france,2010,38503754
germany,2010,25917
india,2010,17932345
israel,2010,168864
japan,2010,23244
latvia,2010,0
mexico,2010,1133
new_zealand,2010,6285
panama,2010,10000
peru,2010,1279400
philippines,2010,34171
poland,2010,14676
san_marino,2010,15000
singapore,2010,0
slovakia,2010,5
south_africa,2010,20674737
south_korea,2010,511307
spain,2010,671523
sri_lanka,2010,25071
sweden,2010,28892
switzerland,2010,2455
trinidad_and_tobago,2010,3499
ukraine,2010,26175
united_kingdom,2010,365300
united_states,2010,302300
uruguay,2010,1279500
argentina,2011,4133785
austria,2011,56670
belize,2011,0
brazil,2011,7922
canada,2011,1350556
chile,2011,2263
cyprus,2011,39349
denmark,2011,15000
estonia,2011,0
finland,2011,127758
germany,2011,69896
israel,2011,552609
japan,2011,4378
latvia,2011,0
malta,2011,6068
mauritius,2011,1500
mexico,2011,49757
new_zealand,2011,4850
panama,2011,4000
peru,2011,1799400
philippines,2011,3828
poland,2011,26032
slovakia,2011,0
south_africa,2011,2806656
south_korea,2011,429335
spain,2011,485054
sri_lanka,2011,25420
sweden,2011,254
switzerland,2011,2837
ukraine,2011,141
united_kingdom,2011,1390000
united_states,2011,1020200
argentina,2012,8333295
austria,2012,563
belize,2012,0
brazil,2012,10862
canada,2012,904027
chile,2012,1871
cyprus,2012,132811
denmark,2012,10200
finland,2012,172538
germany,2012,86051
hungary,2012,567
israel,2012,462960
japan,2012,3839
latvia,2012,560
lithuania,2012,3080
malta,2012,1126
mauritius,2012,7993
mexico,2012,99029
new_zealand,2012,78589
panama,2012,1000
peru,2012,1878700
philippines,2012,797
poland,2012,12853
slovakia,2012,4
south_africa,2012,3309884
south_korea,2012,933267
spain,2012,1290114
sri_lanka,2012,36817
sweden,2012,37072
switzerland,2012,2554
thailand,2012,30896
united_kingdom,2012,249000
united_states,2012,1130800
argentina,2013,7660085
australia,2013,131000
austria,2013,3277
chile,2013,2756
cyprus,2013,605671
denmark,2013,930300
finland,2013,26000
germany,2013,149584
israel,2013,52274
latvia,2013,0
mexico,2013,212130
norway,2013,10849
panama,2013,3000
poland,2013,10131
south_africa,2013,1847006
sri_lanka,2013,80417
sweden,2013,7084
switzerland,2013,5429
trinidad_and_tobago,2013,0
turkey,2013,307894
ukraine,2013,128
united_kingdom,2013,443600
united_states,2013,289900
