country,year,total_so2_emissions
albania,1850,0.2157957
algeria,1850,0.4088384
angola,1850,0.2764042
argentina,1850,0.1930038
armenia,1850,0.289471
australia,1850,9.24139
austria,1850,31.47474
azerbaijan,1850,0.4518351
bahrain,1850,0.01149456
bangladesh,1850,3.633483
belarus,1850,1.421831
belgium,1850,51.21448
benin,1850,0.2003078
bolivia,1850,0.1423182
bosnia_and_herzegovina,1850,0.4401798
botswana,1850,0.007568095
brazil,1850,1.721617
brunei,1850,0.001689861
bulgaria,1850,0.25
cambodia,1850,0.6730607
cameroon,1850,0.195967
canada,1850,4.067631
chile,1850,26.05628
china,1850,161.5798
colombia,1850,0.3691971
congo,1850,0.03491682
congo_drc,1850,0.5439736
costa_rica,1850,0.01031475
cote_d_ivoire,1850,0.1303746
croatia,1850,0.636842
cuba,1850,6.709432
cyprus,1850,0.02020195
czech_republic,1850,1.912502
denmark,1850,2.48032
dominican_republic,1850,0.03926681
ecuador,1850,0.173859
egypt,1850,0.4712069
el_salvador,1850,0.05148047
eritrea,1850,0.02812778
estonia,1850,0.294575
finland,1850,2.462525
france,1850,97.78858
gabon,1850,0.0179968
georgia,1850,0.8492427
germany,1850,114.9293
ghana,1850,0.3076982
greece,1850,2.550545
guatemala,1850,0.085
haiti,1850,0.0938
honduras,1850,0.035
hungary,1850,6.199651
iceland,1850,0.003931632
india,1850,35.01462
indonesia,1850,3.116089
iran,1850,1.390042
iraq,1850,0.186527
ireland,1850,2.442748
israel,1850,0.1793157
italy,1850,4.643787
jamaica,1850,0.043424
japan,1850,25.06532
jordan,1850,0.03313425
kazakhstan,1850,0.5604279
kenya,1850,0.2626897
kuwait,1850,0.01513722
kyrgyzstan,1850,0.3144138
latvia,1850,0.5680416
lebanon,1850,0.0615724
libya,1850,0.05600092
lithuania,1850,0.6646554
luxembourg,1850,0.01833375
macedonia,1850,0.2033931
malaysia,1850,0.106
malta,1850,0.01816402
mexico,1850,1.476319
moldova,1850,0.4438335
mongolia,1850,0.1947398
morocco,1850,0.5568997
mozambique,1850,0.4556832
myanmar,1850,0.7864
namibia,1850,0.01340939
nepal,1850,0.6900351
netherlands,1850,22.6373
new_zealand,1850,0.03508274
nicaragua,1850,0.03
nigeria,1850,1.855478
north_korea,1850,4.657696
norway,1850,3.285316
oman,1850,0.05142726
pakistan,1850,3.977042
panama,1850,0.0135
paraguay,1850,0.04236257
peru,1850,0.2001
philippines,1850,0.5334722
poland,1850,20.89004
portugal,1850,0.9889328
qatar,1850,0.002485569
romania,1850,0.8467987
russia,1850,39.74804
saudi_arabia,1850,0.3334281
senegal,1850,0.118864
singapore,1850,0.006432213
slovakia,1850,0.6452337
slovenia,1850,0.2436512
south_africa,1850,1.245455
south_korea,1850,2.630153
spain,1850,21.71973
sri_lanka,1850,0.3292087
sweden,1850,10.8105
switzerland,1850,2.159185
syria,1850,0.3858101
tajikistan,1850,0.2910906
tanzania,1850,0.3306885
thailand,1850,1.046679
togo,1850,0.05745106
trinidad_and_tobago,1850,0.008
tunisia,1850,0.2041969
turkey,1850,4.841222
turkmenistan,1850,0.2300682
ukraine,1850,5.077843
united_arab_emirates,1850,0.006918731
united_kingdom,1850,915.0317
united_states,1850,306.8534
uruguay,1850,0.02812426
uzbekistan,1850,1.205644
venezuela,1850,4.124247
vietnam,1850,1.538949
yemen,1850,0.4050196
zambia,1850,0.3692291
zimbabwe,1850,0.1598777
albania,1860,0.2550941
algeria,1860,0.4554845
angola,1860,0.278727
argentina,1860,0.2021599
armenia,1860,0.2928343
australia,1860,24.37476
austria,1860,67.87955
azerbaijan,1860,0.4556306
bahrain,1860,0.01208403
bangladesh,1860,3.800866
belarus,1860,1.523706
belgium,1860,81.57
benin,1860,0.2241998
bolivia,1860,0.1699178
bosnia_and_herzegovina,1860,0.4668574
botswana,1860,0.008639568
brazil,1860,1.983522
brunei,1860,0.001836806
bulgaria,1860,0.2543
cambodia,1860,0.689086
cameroon,1860,0.22436
canada,1860,8.098229
chile,1860,48.63169
china,1860,147.0461
colombia,1860,0.3849107
congo,1860,0.03521023
congo_drc,1860,0.6030582
costa_rica,1860,0.01183933
cote_d_ivoire,1860,0.1449518
croatia,1860,0.6754711
cuba,1860,0.1972613
cyprus,1860,0.02252401
czech_republic,1860,4.6122
denmark,1860,3.872094
dominican_republic,1860,0.04908352
ecuador,1860,0.1948457
egypt,1860,0.4898317
el_salvador,1860,0.05690552
eritrea,1860,0.02836415
estonia,1860,0.3108387
finland,1860,3.118131
france,1860,170.2018
gabon,1860,0.01814804
georgia,1860,0.862155
germany,1860,249.4375
ghana,1860,0.3477168
greece,1860,3.432838
guatemala,1860,0.0965
haiti,1860,0.1044
honduras,1860,0.03896718
hungary,1860,18.93904
iceland,1860,0.004383544
india,1860,39.48662
indonesia,1860,3.63572
iran,1860,1.678029
iraq,1860,0.1993629
ireland,1860,2.274232
israel,1860,0.1896043
italy,1860,5.278217
jamaica,1860,0.04459763
japan,1860,25.77292
jordan,1860,0.03937115
kazakhstan,1860,0.563802
kenya,1860,0.2648971
kuwait,1860,0.01591348
kyrgyzstan,1860,0.3313607
latvia,1860,0.6199792
lebanon,1860,0.06597043
libya,1860,0.05647152
lithuania,1860,0.7374705
luxembourg,1860,0.02044108
macedonia,1860,0.21572
malaysia,1860,0.133
malta,1860,0.01879037
mexico,1860,1.546857
moldova,1860,0.44707
mongolia,1860,0.1980405
morocco,1860,0.5925784
mozambique,1860,0.5014682
myanmar,1860,0.8177
namibia,1860,0.01486228
nepal,1860,0.7686813
netherlands,1860,34.48868
new_zealand,1860,0.04075764
nicaragua,1860,0.03185
nigeria,1860,2.072389
north_korea,1860,4.471531
norway,1860,5.232481
oman,1860,0.05293983
pakistan,1860,4.322872
panama,1860,0.01555
paraguay,1860,0.04867712
peru,1860,0.2300405
philippines,1860,0.6377822
poland,1860,45.68196
portugal,1860,1.001851
qatar,1860,0.002613034
romania,1860,1.004638
russia,1860,39.39437
saudi_arabia,1860,0.3402328
senegal,1860,0.1198628
singapore,1860,0.008324041
slovakia,1860,0.9829593
slovenia,1860,0.2584179
south_africa,1860,1.898144
south_korea,1860,2.674732
spain,1860,45.82776
sri_lanka,1860,0.3714549
sweden,1860,13.32073
switzerland,1860,4.235668
syria,1860,0.3982555
tajikistan,1860,0.2953969
tanzania,1860,0.3334674
thailand,1860,1.101214
togo,1860,0.05793384
trinidad_and_tobago,1860,0.0102
tunisia,1860,0.2181097
turkey,1860,5.133604
turkmenistan,1860,0.2334016
ukraine,1860,6.672873
united_arab_emirates,1860,0.007273538
united_kingdom,1860,1232.559
united_states,1860,698.51
uruguay,1860,0.05060236
uzbekistan,1860,1.246809
venezuela,1860,4.172483
vietnam,1860,1.761262
yemen,1860,0.4132853
zambia,1860,0.3723318
zimbabwe,1860,0.1889186
albania,1870,0.2886753
algeria,1870,0.5021307
angola,1870,0.2992077
argentina,1870,0.2233307
armenia,1870,0.3376712
australia,1870,31.91929
austria,1870,93.34277
azerbaijan,1870,0.5187826
bahrain,1870,0.01220609
bangladesh,1870,4.14891
belarus,1870,1.894857
belgium,1870,136.8797
benin,1870,0.2505022
bolivia,1870,0.1460953
bosnia_and_herzegovina,1870,0.5173285
botswana,1870,0.009902729
brazil,1870,2.24853
brunei,1870,0.001916667
bulgaria,1870,0.2586
cambodia,1870,0.7054928
cameroon,1870,0.2532544
canada,1870,14.9473
chile,1870,58.50424
china,1870,137.8732
colombia,1870,0.4272667
congo,1870,0.03592881
congo_drc,1870,0.692259
costa_rica,1870,0.01498649
cote_d_ivoire,1870,0.1648372
croatia,1870,0.7488505
cuba,1870,0.2179784
cyprus,1870,0.02275153
czech_republic,1870,63.74339
denmark,1870,8.140184
dominican_republic,1870,0.0613544
ecuador,1870,0.2158324
egypt,1870,0.5598076
el_salvador,1870,0.06322222
eritrea,1870,0.0297614
estonia,1870,0.3405412
finland,1870,4.030068
france,1870,225.4175
gabon,1870,0.01896132
georgia,1870,1.009164
germany,1870,463.4917
ghana,1870,0.3956396
greece,1870,6.76156
guatemala,1870,0.108
haiti,1870,0.115
honduras,1870,0.04196466
hungary,1870,44.22855
iceland,1870,0.004427822
india,1870,42.60756
indonesia,1870,4.272729
iran,1870,2.138417
iraq,1870,0.2295598
ireland,1870,2.171215
israel,1870,0.1915195
italy,1870,31.20031
jamaica,1870,0.05054398
japan,1870,26.62417
jordan,1870,0.05183437
kazakhstan,1870,0.6347835
kenya,1870,0.2864383
kuwait,1870,0.01607423
kyrgyzstan,1870,0.370085
latvia,1870,0.7769563
lebanon,1870,0.0706826
libya,1870,0.05866883
lithuania,1870,0.9809783
luxembourg,1870,0.02064755
macedonia,1870,0.2390411
malaysia,1870,0.16
malta,1870,0.0195733
mexico,1870,1.635004
moldova,1870,0.5066267
mongolia,1870,0.2013971
morocco,1870,0.6341649
mozambique,1870,0.5767733
myanmar,1870,0.849
namibia,1870,0.01686636
nepal,1870,0.9099411
netherlands,1870,35.63656
new_zealand,1870,0.243914
nicaragua,1870,0.0337
nigeria,1870,2.339646
north_korea,1870,4.417831
norway,1870,7.971486
oman,1870,0.05449688
pakistan,1870,4.510823
panama,1870,0.0176
paraguay,1870,0.05813652
peru,1870,0.2599811
philippines,1870,0.771937
poland,1870,98.1799
portugal,1870,1.120839
qatar,1870,0.002639429
romania,1870,1.264311
russia,1870,53.96047
saudi_arabia,1870,0.3471763
senegal,1870,0.122309
singapore,1870,0.01077229
slovakia,1870,7.534572
slovenia,1870,0.2863551
south_africa,1870,2.54615
south_korea,1870,2.720067
spain,1870,69.50574
sri_lanka,1870,0.4137011
sweden,1870,16.95707
switzerland,1870,8.298258
syria,1870,0.4111025
tajikistan,1870,0.3447649
tanzania,1870,0.3643038
thailand,1870,1.15575
togo,1870,0.06588202
trinidad_and_tobago,1870,0.0124
tunisia,1870,0.2328214
turkey,1870,6.566809
turkmenistan,1870,0.2723873
ukraine,1870,12.55645
united_arab_emirates,1870,0.007347008
united_kingdom,1870,1636.13
united_states,1870,1365.403
uruguay,1870,0.07308046
uzbekistan,1870,1.569648
venezuela,1870,6.144754
vietnam,1870,2.03697
yemen,1870,0.4217197
zambia,1870,0.3799305
zimbabwe,1870,0.2232787
albania,1880,0.3186763
algeria,1880,0.5487786
angola,1880,0.3465935
argentina,1880,0.2722279
armenia,1880,0.4461095
australia,1880,46.17813
austria,1880,245.7564
azerbaijan,1880,0.7363948
bahrain,1880,0.01232938
bangladesh,1880,4.141192
belarus,1880,2.506555
belgium,1880,169.552
benin,1880,0.2927457
bolivia,1880,0.1223527
bosnia_and_herzegovina,1880,0.5732559
botswana,1880,0.01140473
brazil,1880,2.50142
brunei,1880,0.002081692
bulgaria,1880,0.320011
cambodia,1880,0.7525328
cameroon,1880,0.2982009
canada,1880,46.80255
chile,1880,71.26679
china,1880,139.6067
colombia,1880,0.5095698
congo,1880,0.03666205
congo_drc,1880,0.8211483
costa_rica,1880,0.01952332
cote_d_ivoire,1880,0.1934114
croatia,1880,0.8309401
cuba,1880,0.2297776
cyprus,1880,0.02298134
czech_republic,1880,260.4869
denmark,1880,13.09631
dominican_republic,1880,0.076693
ecuador,1880,0.2465679
egypt,1880,0.6397896
el_salvador,1880,0.06972758
eritrea,1880,0.03122748
estonia,1880,0.4719643
finland,1880,4.356634
france,1880,342.9079
gabon,1880,0.020888
georgia,1880,1.373103
germany,1880,767.5621
ghana,1880,0.4683095
greece,1880,5.428047
guatemala,1880,0.117325
haiti,1880,0.1370411
honduras,1880,0.04519271
hungary,1880,70.11565
iceland,1880,0.004472548
india,1880,47.60708
indonesia,1880,5.086864
iran,1880,2.521836
iraq,1880,0.2635724
ireland,1880,2.086798
israel,1880,0.193454
italy,1880,55.74205
jamaica,1880,0.05728317
japan,1880,53.54351
jordan,1880,0.06062284
kazakhstan,1880,0.9661321
kenya,1880,0.3183207
kuwait,1880,0.01623659
kyrgyzstan,1880,0.4098111
latvia,1880,1.251243
lebanon,1880,0.08438256
libya,1880,0.06443576
lithuania,1880,1.845749
luxembourg,1880,0.02198531
macedonia,1880,0.2648836
malaysia,1880,0.2916608
malta,1880,0.02038886
mexico,1880,1.696319
moldova,1880,0.7155702
mongolia,1880,0.206809
morocco,1880,0.696501
mozambique,1880,0.6612567
myanmar,1880,1.173502
namibia,1880,0.02460613
nepal,1880,1.012561
netherlands,1880,57.40629
new_zealand,1880,7.101885
nicaragua,1880,0.03841319
nigeria,1880,2.703379
north_korea,1880,4.711981
norway,1880,13.36277
oman,1880,0.05601819
pakistan,1880,4.707347
panama,1880,0.01932245
paraguay,1880,0.06414126
peru,1880,0.3076049
philippines,1880,0.925721
poland,1880,153.3726
portugal,1880,3.468254
qatar,1880,0.002666089
romania,1880,1.482705
russia,1880,84.74934
saudi_arabia,1880,0.3581353
senegal,1880,0.1386558
singapore,1880,0.01394061
slovakia,1880,28.56231
slovenia,1880,0.3173148
south_africa,1880,11.4434
south_korea,1880,2.650341
spain,1880,142.1067
sri_lanka,1880,0.4021377
sweden,1880,24.027
switzerland,1880,13.3769
syria,1880,0.4641145
tajikistan,1880,0.4150592
tanzania,1880,0.4213951
thailand,1880,1.245308
togo,1880,0.08294728
trinidad_and_tobago,1880,0.01827662
tunisia,1880,0.2589457
turkey,1880,6.487034
turkmenistan,1880,0.3679962
ukraine,1880,29.77303
united_arab_emirates,1880,0.00742122
united_kingdom,1880,2105.156
united_states,1880,2654.379
uruguay,1880,0.09886103
uzbekistan,1880,2.195413
venezuela,1880,0.4379936
vietnam,1880,2.338462
yemen,1880,0.4399564
zambia,1880,0.3876841
zimbabwe,1880,0.2639402
albania,1890,0.3272739
algeria,1890,0.5954336
angola,1890,0.402058
argentina,1890,8.874967
armenia,1890,0.7788497
australia,1890,46.72683
austria,1890,237.6184
azerbaijan,1890,1.593064
bahrain,1890,0.01245392
bangladesh,1890,4.402682
belarus,1890,2.933326
belgium,1890,222.6069
benin,1890,0.3250114
bolivia,1890,1.085929
bosnia_and_herzegovina,1890,0.6352295
botswana,1890,0.01321238
brazil,1890,3.107255
brunei,1890,0.002626427
bulgaria,1890,2.715661
cambodia,1890,0.8062851
cameroon,1890,0.3386235
canada,1890,111.8823
chile,1890,56.05847
china,1890,141.8436
colombia,1890,0.6208211
congo,1890,0.04246079
congo_drc,1890,0.9428381
costa_rica,1890,0.02850889
cote_d_ivoire,1890,0.2235421
croatia,1890,0.9238008
cuba,1890,0.2394722
cyprus,1890,0.1407936
czech_republic,1890,452.7003
denmark,1890,20.84175
dominican_republic,1890,0.0997312
ecuador,1890,0.2719584
egypt,1890,0.8893518
el_salvador,1890,0.07721548
eritrea,1890,0.03276578
estonia,1890,0.9947411
finland,1890,12.93907
france,1890,422.1722
gabon,1890,0.02495983
georgia,1890,2.389569
germany,1890,1225.045
ghana,1890,0.5389551
greece,1890,10.8351
guatemala,1890,0.1235
haiti,1890,0.1691986
honduras,1890,0.04866907
hungary,1890,124.6161
iceland,1890,0.008643247
india,1890,63.859
indonesia,1890,6.253133
iran,1890,2.856929
iraq,1890,0.3019457
ireland,1890,1.848222
israel,1890,0.1954081
italy,1890,154.9507
jamaica,1890,0.06492093
japan,1890,118.8034
jordan,1890,0.06757643
kazakhstan,1890,2.020979
kenya,1890,0.3508578
kuwait,1890,0.0164006
kyrgyzstan,1890,0.5248313
latvia,1890,2.24927
lebanon,1890,0.08523491
libya,1890,0.06999735
lithuania,1890,3.817348
luxembourg,1890,0.02332306
macedonia,1890,0.2937753
malaysia,1890,0.3170854
malta,1890,0.02123839
mexico,1890,16.55744
moldova,1890,1.529266
mongolia,1890,0.2274899
morocco,1890,0.757014
mozambique,1890,0.7516337
myanmar,1890,1.49801
namibia,1890,0.02749809
nepal,1890,1.236346
netherlands,1890,72.45712
new_zealand,1890,14.60868
nicaragua,1890,0.04390078
nigeria,1890,3.099165
north_korea,1890,5.040076
norway,1890,24.10753
oman,1890,0.05896652
pakistan,1890,4.914003
panama,1890,0.02254286
paraguay,1890,0.07563778
peru,1890,3.86729
philippines,1890,1.101126
poland,1890,240.9089
portugal,1890,10.93484
qatar,1890,0.00269302
romania,1890,27.74767
russia,1890,125.2243
saudi_arabia,1890,0.3704848
senegal,1890,0.159204
singapore,1890,0.01804079
slovakia,1890,48.56162
slovenia,1890,0.3532751
south_africa,1890,20.34261
south_korea,1890,2.70443
spain,1890,228.9693
sri_lanka,1890,0.4403841
sweden,1890,39.3195
switzerland,1890,23.34629
syria,1890,0.5171264
tajikistan,1890,0.5165934
tanzania,1890,0.4880676
thailand,1890,1.334866
togo,1890,0.1016228
trinidad_and_tobago,1890,0.0394339
tunisia,1890,0.2851604
turkey,1890,21.14114
turkmenistan,1890,0.6615757
ukraine,1890,50.31566
united_arab_emirates,1890,0.007496182
united_kingdom,1890,2565.49
united_states,1890,5331.124
uruguay,1890,0.1461609
uzbekistan,1890,2.982502
venezuela,1890,0.5959296
vietnam,1890,2.731655
yemen,1890,0.4551273
zambia,1890,0.3955961
zimbabwe,1890,0.3120682
albania,1900,0.3760658
algeria,1900,0.6423223
angola,1900,0.4531476
argentina,1900,13.42516
armenia,1900,1.568835
australia,1900,124.1123
austria,1900,390.1923
azerbaijan,1900,3.535426
bahrain,1900,0.01257972
bangladesh,1900,4.553082
belarus,1900,4.73385
belgium,1900,283.6694
benin,1900,0.3316442
bolivia,1900,1.948923
bosnia_and_herzegovina,1900,0.7039029
botswana,1900,0.01542591
brazil,1900,3.765418
brunei,1900,0.01389324
bulgaria,1900,5.312501
cambodia,1900,0.8638769
cameroon,1900,0.3844558
canada,1900,198.9357
chile,1900,48.67906
china,1900,147.8489
colombia,1900,0.8345496
congo,1900,0.05124033
congo_drc,1900,1.079372
costa_rica,1900,0.04207828
cote_d_ivoire,1900,0.2526839
croatia,1900,1.037877
cuba,1900,0.2533553
cyprus,1900,0.2721351
czech_republic,1900,602.4631
denmark,1900,36.89217
dominican_republic,1900,0.1289796
ecuador,1900,0.3008483
egypt,1900,1.080797
el_salvador,1900,0.09237106
eritrea,1900,0.03437986
estonia,1900,2.150061
finland,1900,26.22311
france,1900,560.7405
gabon,1900,0.02933691
georgia,1900,4.874478
germany,1900,1960.123
ghana,1900,0.5957973
greece,1900,20.25031
guatemala,1900,0.13
haiti,1900,0.2223112
honduras,1900,0.05650674
hungary,1900,248.6533
iceland,1900,0.01707461
india,1900,102.1208
indonesia,1900,12.95402
iran,1900,3.113282
iraq,1900,0.3453026
ireland,1900,1.612127
israel,1900,0.1973819
italy,1900,191.6331
jamaica,1900,0.07357705
japan,1900,260.7613
jordan,1900,0.06771186
kazakhstan,1900,5.026449
kenya,1900,0.3807386
kuwait,1900,0.01656626
kyrgyzstan,1900,0.7706965
latvia,1900,4.888437
lebanon,1900,0.09482012
libya,1900,0.07541452
lithuania,1900,8.901245
luxembourg,1900,0.02466082
macedonia,1900,0.3404269
malaysia,1900,0.492985
malta,1900,0.02212333
mexico,1900,51.82577
moldova,1900,3.385508
mongolia,1900,0.2502389
morocco,1900,0.8168909
mozambique,1900,0.8652517
myanmar,1900,2.035043
namibia,1900,0.03003462
nepal,1900,1.372854
netherlands,1900,102.5179
new_zealand,1900,24.77304
nicaragua,1900,0.05721895
nigeria,1900,3.497344
north_korea,1900,5.354556
norway,1900,45.71405
oman,1900,0.06207002
pakistan,1900,5.182233
panama,1900,0.0263
paraguay,1900,0.09297565
peru,1900,9.06016
philippines,1900,1.303198
poland,1900,360.3289
portugal,1900,14.7695
qatar,1900,0.002720222
romania,1900,28.22414
russia,1900,277.7061
saudi_arabia,1900,0.3832601
senegal,1900,0.181107
singapore,1900,0.0233469
slovakia,1900,62.16751
slovenia,1900,0.4879081
south_africa,1900,29.49057
south_korea,1900,2.759623
spain,1900,321.9073
sri_lanka,1900,0.518238
sweden,1900,72.9225
switzerland,1900,40.44843
syria,1900,0.5078525
tajikistan,1900,0.8041281
tanzania,1900,0.560333
thailand,1900,1.46495
togo,1900,0.1272797
trinidad_and_tobago,1900,0.08528017
tunisia,1900,0.3110151
turkey,1900,41.10548
turkmenistan,1900,1.356506
ukraine,1900,132.2554
united_arab_emirates,1900,0.007571901
united_kingdom,1900,3101.881
united_states,1900,9145.983
uruguay,1900,0.1807296
uzbekistan,1900,5.502716
venezuela,1900,0.8456063
vietnam,1900,6.325847
yemen,1900,0.4708214
zambia,1900,0.4036694
zimbabwe,1900,0.3690452
albania,1910,0.3933944
algeria,1910,1.282695
angola,1910,0.4857064
argentina,1910,56.30518
armenia,1910,1.459699
australia,1910,214.7089
austria,1910,631.4704
azerbaijan,1910,3.221815
bahrain,1910,0.01058899
bangladesh,1910,4.41154
belarus,1910,5.626763
belgium,1910,354.6347
benin,1910,0.30732
bolivia,1910,5.573581
bosnia_and_herzegovina,1910,0.656437
botswana,1910,0.01883891
brazil,1910,46.17689
brunei,1910,0.05537608
bulgaria,1910,10.14725
cambodia,1910,1.028904
cameroon,1910,0.4237064
canada,1910,623.5441
chile,1910,100.6314
china,1910,357.1571
colombia,1910,0.9748791
congo,1910,0.2068478
congo_drc,1910,1.111678
costa_rica,1910,0.05574445
cote_d_ivoire,1910,0.2492777
croatia,1910,1.081346
cuba,1910,7.855726
cyprus,1910,0.5066105
czech_republic,1910,740.5492
denmark,1910,53.23772
dominican_republic,1910,0.1513185
ecuador,1910,0.3260165
egypt,1910,1.059017
el_salvador,1910,0.1338462
eritrea,1910,0.03718094
estonia,1910,1.819317
finland,1910,54.22837
france,1910,736.3563
gabon,1910,0.04385613
georgia,1910,4.563903
germany,1910,2718.272
ghana,1910,0.5584094
greece,1910,26.57158
guatemala,1910,0.1696121
haiti,1910,0.2643254
honduras,1910,0.07336585
hungary,1910,331.5408
iceland,1910,0.05072417
india,1910,161.3572
indonesia,1910,25.16941
iran,1910,2.829418
iraq,1910,0.3295341
ireland,1910,1.334143
israel,1910,0.1826977
italy,1910,285.2991
jamaica,1910,0.1346565
japan,1910,533.1271
jordan,1910,0.05656443
kazakhstan,1910,5.462456
kenya,1910,0.3982517
kuwait,1910,0.01394466
kyrgyzstan,1910,0.6914352
latvia,1910,4.737147
lebanon,1910,0.08322527
libya,1910,0.068996
lithuania,1910,8.464049
luxembourg,1910,0.02276394
macedonia,1910,0.3504023
malaysia,1910,0.5080774
malta,1910,0.05162847
mexico,1910,218.38
moldova,1910,2.996185
mongolia,1910,0.2363046
morocco,1910,0.73698
mozambique,1910,0.9181342
myanmar,1910,2.268955
namibia,1910,0.03103036
nepal,1910,1.402773
netherlands,1910,146.5131
new_zealand,1910,49.02836
nicaragua,1910,0.07285938
nigeria,1910,4.020011
north_korea,1910,4.997157
norway,1910,86.2986
oman,1910,0.05444738
pakistan,1910,5.274686
panama,1910,0.03668444
paraguay,1910,0.1265799
peru,1910,66.61993
philippines,1910,1.877512
poland,1910,522.3767
portugal,1910,25.1573
qatar,1910,0.005042502
romania,1910,53.64055
russia,1910,389.3209
saudi_arabia,1910,0.3304688
senegal,1910,0.1638804
singapore,1910,0.02517803
slovakia,1910,72.82098
slovenia,1910,0.6460458
south_africa,1910,169.8831
south_korea,1910,2.884844
spain,1910,371.1835
sri_lanka,1910,0.635954
sweden,1910,116.4243
switzerland,1910,55.3929
syria,1910,0.4155292
tajikistan,1910,0.8393605
tanzania,1910,0.5950804
thailand,1910,1.496708
togo,1910,0.1201187
trinidad_and_tobago,1910,0.2131963
tunisia,1910,0.3154817
turkey,1910,71.63948
turkmenistan,1910,1.336823
ukraine,1910,183.2577
united_arab_emirates,1910,0.006502222
united_kingdom,1910,3588.574
united_states,1910,15800.77
uruguay,1910,0.1872469
uzbekistan,1910,6.434813
venezuela,1910,1.418689
vietnam,1910,11.67474
yemen,1910,0.407862
zambia,1910,0.3896929
zimbabwe,1910,4.698755
albania,1920,0.3886451
algeria,1920,1.762066
angola,1920,0.5481725
argentina,1920,35.41445
armenia,1920,0.7941026
australia,1920,171.5984
austria,1920,125.6296
azerbaijan,1920,1.911886
bahrain,1920,0.009133004
bangladesh,1920,4.205226
belarus,1920,2.859232
belgium,1920,300.53
benin,1920,0.3314729
bolivia,1920,21.21599
bosnia_and_herzegovina,1920,0.6089982
botswana,1920,0.02333935
brazil,1920,49.86973
brunei,1920,0.08979746
bulgaria,1920,15.30313
cambodia,1920,1.204166
cameroon,1920,0.5461331
canada,1920,1056.851
chile,1920,219.5493
china,1920,458.3928
colombia,1920,1.13224
congo,1920,0.4336914
congo_drc,1920,1.346347
costa_rica,1920,0.07298968
cote_d_ivoire,1920,0.2757538
croatia,1920,1.012459
cuba,1920,14.92586
cyprus,1920,0.1368146
czech_republic,1920,625.4853
denmark,1920,51.22531
dominican_republic,1920,0.1924137
ecuador,1920,0.4661479
egypt,1920,7.126002
el_salvador,1920,0.2100781
eritrea,1920,0.05105123
estonia,1920,1.005975
finland,1920,27.09679
france,1920,1004.233
gabon,1920,0.06845857
georgia,1920,2.402178
germany,1920,2681.624
ghana,1920,0.6106349
greece,1920,18.52794
guatemala,1920,0.216248
haiti,1920,0.3180192
honduras,1920,0.09964395
hungary,1920,185.8184
iceland,1920,0.1005003
india,1920,220.6009
indonesia,1920,36.08881
iran,1920,8.873332
iraq,1920,0.3903565
ireland,1920,1.61556
israel,1920,0.1877368
italy,1920,195.0139
jamaica,1920,0.2117487
japan,1920,1081.202
jordan,1920,0.04742163
kazakhstan,1920,3.581228
kenya,1920,0.4895935
kuwait,1920,0.1104384
kyrgyzstan,1920,0.4948913
latvia,1920,2.342105
lebanon,1920,0.0809359
libya,1920,0.05943839
lithuania,1920,3.993027
luxembourg,1920,0.02053418
macedonia,1920,0.5919325
malaysia,1920,0.9535411
malta,1920,0.08443349
mexico,1920,253.5862
moldova,1920,1.778126
mongolia,1920,0.189149
morocco,1920,0.6379498
mozambique,1920,1.04793
myanmar,1920,9.567592
namibia,1920,0.03174358
nepal,1920,1.587475
netherlands,1920,142.4974
new_zealand,1920,41.88982
nicaragua,1920,0.09180078
nigeria,1920,9.14947
north_korea,1920,5.755012
norway,1920,72.16191
oman,1920,0.04384132
pakistan,1920,5.422854
panama,1920,0.04848937
paraguay,1920,0.1717156
peru,1920,78.91396
philippines,1920,2.464033
poland,1920,423.107
portugal,1920,17.72821
qatar,1920,0.03621824
romania,1920,71.5589
russia,1920,120.3985
saudi_arabia,1920,0.5023142
senegal,1920,0.1715492
singapore,1920,0.02606667
slovakia,1920,64.41068
slovenia,1920,2.29719
south_africa,1920,271.4956
south_korea,1920,4.586048
spain,1920,341.3337
sri_lanka,1920,0.7777421
sweden,1920,114.7596
switzerland,1920,50.18476
syria,1920,0.3262955
tajikistan,1920,0.5474377
tanzania,1920,0.7420709
thailand,1920,1.571316
togo,1920,0.1324323
trinidad_and_tobago,1920,0.2795723
tunisia,1920,1.031025
turkey,1920,26.30655
turkmenistan,1920,0.7327609
ukraine,1920,71.21879
united_arab_emirates,1920,0.005774503
united_kingdom,1920,3864.025
united_states,1920,19379.06
uruguay,1920,0.2168679
uzbekistan,1920,3.242538
venezuela,1920,1.337662
vietnam,1920,14.86914
yemen,1920,0.3516207
zambia,1920,0.4409738
zimbabwe,1920,14.22951
albania,1930,0.4914557
algeria,1930,2.957316
angola,1930,0.6173747
argentina,1930,73.82231
armenia,1930,1.949551
australia,1930,281.2266
austria,1930,152.7508
azerbaijan,1930,6.020989
bahrain,1930,0.00738489
bangladesh,1930,4.008783
belarus,1930,8.193032
belgium,1930,778.4571
benin,1930,0.3529942
bolivia,1930,0.3084319
bosnia_and_herzegovina,1930,0.5708498
botswana,1930,0.02954383
brazil,1930,82.31925
brunei,1930,0.1700262
bulgaria,1930,38.35264
cambodia,1930,1.445458
cameroon,1930,0.7005823
canada,1930,1769.121
chile,1930,467.8922
china,1930,580.9349
colombia,1930,5.66598
congo,1930,0.7429986
congo_drc,1930,109.0784
costa_rica,1930,0.08464317
cote_d_ivoire,1930,0.2998882
croatia,1930,1.805198
cuba,1930,0.7191251
cyprus,1930,0.4013192
czech_republic,1930,698.1463
denmark,1930,101.1927
dominican_republic,1930,0.2480011
ecuador,1930,4.126706
egypt,1930,12.69748
el_salvador,1930,0.2379719
eritrea,1930,0.07003718
estonia,1930,2.900316
finland,1930,106.6181
france,1930,1491.866
gabon,1930,0.1011477
georgia,1930,6.080455
germany,1930,3293.087
ghana,1930,0.6614142
greece,1930,44.25474
guatemala,1930,0.2711637
haiti,1930,0.3713803
honduras,1930,0.1508135
hungary,1930,297.3911
iceland,1930,0.209372
india,1930,280.9094
indonesia,1930,53.71697
iran,1930,13.25993
iraq,1930,4.785448
ireland,1930,68.47743
israel,1930,0.1919058
italy,1930,400.5237
jamaica,1930,0.3076579
japan,1930,1346.651
jordan,1930,0.04272623
kazakhstan,1930,61.66193
kenya,1930,0.6015421
kuwait,1930,0.3516093
kyrgyzstan,1930,0.8862686
latvia,1930,7.303256
lebanon,1930,0.08320043
libya,1930,0.04974449
lithuania,1930,13.17486
luxembourg,1930,0.01797155
macedonia,1930,4.87246
malaysia,1930,0.7173378
malta,1930,0.1205487
mexico,1930,331.0397
moldova,1930,5.115576
mongolia,1930,0.14523
morocco,1930,0.5422855
mozambique,1930,1.460848
myanmar,1930,63.35263
namibia,1930,0.0320077
nepal,1930,1.654857
netherlands,1930,320.4656
new_zealand,1930,57.88864
nicaragua,1930,0.1262415
nigeria,1930,14.40822
north_korea,1930,7.876375
norway,1930,137.8982
oman,1930,0.03321312
pakistan,1930,6.04401
panama,1930,0.06032785
paraguay,1930,0.2312942
peru,1930,116.5221
philippines,1930,2.043918
poland,1930,811.7025
portugal,1930,33.67461
qatar,1930,0.109538
romania,1930,134.8122
russia,1930,517.3379
saudi_arabia,1930,1.01533
senegal,1930,0.1757303
singapore,1930,0.0298
slovakia,1930,97.19604
slovenia,1930,7.569517
south_africa,1930,251.9366
south_korea,1930,8.738335
spain,1930,343.7676
sri_lanka,1930,0.9268312
sweden,1930,240.8116
switzerland,1930,65.97411
syria,1930,0.2401514
tajikistan,1930,1.215483
tanzania,1930,0.9240544
thailand,1930,1.739757
togo,1930,0.1448666
trinidad_and_tobago,1930,0.86736
tunisia,1930,6.115353
turkey,1930,70.87201
turkmenistan,1930,2.236822
ukraine,1930,246.8703
united_arab_emirates,1930,0.00489339
united_kingdom,1930,3997.4
united_states,1930,19423.77
uruguay,1930,0.235764
uzbekistan,1930,21.9258
venezuela,1930,6.352519
vietnam,1930,35.51692
yemen,1930,0.2859592
zambia,1930,32.28085
zimbabwe,1930,25.18526
albania,1940,3.690299
algeria,1940,1.597261
angola,1940,0.6939798
argentina,1940,81.65717
armenia,1940,4.913061
australia,1940,408.6495
austria,1940,81.35709
azerbaijan,1940,12.73663
bahrain,1940,0.2112221
bangladesh,1940,3.726421
belarus,1940,29.73416
belgium,1940,489.3501
benin,1940,0.3698651
bolivia,1940,1.260627
bosnia_and_herzegovina,1940,0.4331947
botswana,1940,0.03859647
brazil,1940,107.9718
brunei,1940,3.156553
bulgaria,1940,67.30984
cambodia,1940,1.722967
cameroon,1940,0.8949657
canada,1940,3134.511
chile,1940,751.8068
china,1940,1089.204
colombia,1940,21.25186
congo,1940,1.158681
congo_drc,1940,119.0442
costa_rica,1940,0.1161784
cote_d_ivoire,1940,0.3188552
croatia,1940,1.58135
cuba,1940,0.842939
cyprus,1940,0.5106957
czech_republic,1940,941.5002
denmark,1940,83.14848
dominican_republic,1940,0.2842055
ecuador,1940,5.825404
egypt,1940,39.31803
el_salvador,1940,0.3231281
eritrea,1940,0.09600807
estonia,1940,5.242832
finland,1940,107.9524
france,1940,879.0603
gabon,1940,0.1441743
georgia,1940,15.2946
germany,1940,4787.911
ghana,1940,0.7080798
greece,1940,18.24103
guatemala,1940,0.375799
haiti,1940,0.4317581
honduras,1940,0.2202557
hungary,1940,462.702
iceland,1940,1.325331
india,1940,338.3531
indonesia,1940,66.64523
iran,1940,31.94518
iraq,1940,88.29043
ireland,1940,82.13825
israel,1940,0.1947137
italy,1940,460.9588
jamaica,1940,0.4261238
japan,1940,1640.541
jordan,1940,0.03425581
kazakhstan,1940,320.6079
kenya,1940,0.7386862
kuwait,1940,0.6712093
kyrgyzstan,1940,1.479743
latvia,1940,17.90599
lebanon,1940,0.7889563
libya,1940,0.06149233
lithuania,1940,36.94927
luxembourg,1940,0.01507605
macedonia,1940,5.98535
malaysia,1940,1.182954
malta,1940,0.1602315
mexico,1940,403.5496
moldova,1940,9.954075
mongolia,1940,0.1045474
morocco,1940,5.582337
mozambique,1940,1.906146
myanmar,1940,65.1558
namibia,1940,0.03158433
nepal,1940,1.720833
netherlands,1940,256.4003
new_zealand,1940,57.35537
nicaragua,1940,0.1637223
nigeria,1940,15.79936
north_korea,1940,26.38492
norway,1940,115.2322
oman,1940,0.02236574
pakistan,1940,6.858326
panama,1940,0.08722254
paraguay,1940,0.3149485
peru,1940,95.99218
philippines,1940,2.925578
poland,1940,1217.501
portugal,1940,31.63297
qatar,1940,0.2060074
romania,1940,247.933
russia,1940,1897.016
saudi_arabia,1940,13.51407
senegal,1940,0.1747219
singapore,1940,0.02503333
slovakia,1940,119.4824
slovenia,1940,4.952351
south_africa,1940,398.9513
south_korea,1940,44.73375
spain,1940,275.7256
sri_lanka,1940,1.111694
sweden,1940,227.7644
switzerland,1940,59.73804
syria,1940,0.2516108
tajikistan,1940,3.425567
tanzania,1940,1.149149
thailand,1940,1.86903
togo,1940,0.1569772
trinidad_and_tobago,1940,4.011977
tunisia,1940,7.526578
turkey,1940,138.1728
turkmenistan,1940,5.396393
ukraine,1940,867.1709
united_arab_emirates,1940,0.003839359
united_kingdom,1940,4421.699
united_states,1940,18340.5
uruguay,1940,0.2513314
uzbekistan,1940,100.961
venezuela,1940,34.6503
vietnam,1940,50.6763
yemen,1940,0.2091236
zambia,1940,578.9831
zimbabwe,1940,34.49823
albania,1950,3.330299
algeria,1950,14.3947
angola,1950,1.045567
argentina,1950,88.4532
armenia,1950,5.115328
australia,1950,417.9963
austria,1950,205.8936
azerbaijan,1950,12.86936
bahrain,1950,1.627816
bangladesh,1950,3.365562
belarus,1950,93.45632
belgium,1950,597.2374
benin,1950,0.3793647
bolivia,1950,2.509836
bosnia_and_herzegovina,1950,0.7056686
botswana,1950,0.05269368
brazil,1950,211.6887
brunei,1950,0.4877181
bulgaria,1950,169.2454
cambodia,1950,2.041523
cameroon,1950,1.553238
canada,1950,3297.808
chile,1950,811.8025
china,1950,1070.011
colombia,1950,38.54865
congo,1950,1.710916
congo_drc,1950,214.8472
costa_rica,1950,2.755919
cote_d_ivoire,1950,0.3285627
croatia,1950,3.040321
cuba,1950,54.98281
cyprus,1950,4.87317
czech_republic,1950,1014.464
denmark,1950,181.098
dominican_republic,1950,3.637437
ecuador,1950,6.666486
egypt,1950,108.792
el_salvador,1950,3.063755
eritrea,1950,0.131511
estonia,1950,4.49609
finland,1950,313.544
france,1950,1574.378
gabon,1950,0.2003654
georgia,1950,16.05601
germany,1950,4071.855
ghana,1950,3.510772
greece,1950,48.47261
guatemala,1950,7.877672
haiti,1950,1.813229
honduras,1950,2.799524
hungary,1950,877.1337
iceland,1950,2.469585
india,1950,424.6436
indonesia,1950,42.23971
iran,1950,178.2683
iraq,1950,19.89422
ireland,1950,75.09923
israel,1950,10.91664
italy,1950,519.3022
jamaica,1950,0.5902596
japan,1950,1099.042
jordan,1950,1.232925
kazakhstan,1950,429.8703
kenya,1950,7.147222
kuwait,1950,39.95788
kyrgyzstan,1950,1.294521
latvia,1950,22.09522
lebanon,1950,7.860999
libya,1950,0.2994627
lithuania,1950,43.57102
luxembourg,1950,0.6376818
macedonia,1950,24.75093
malaysia,1950,5.848644
malta,1950,6.542611
mexico,1950,658.1377
moldova,1950,8.919723
mongolia,1950,0.06965506
morocco,1950,38.39992
mozambique,1950,3.75811
myanmar,1950,5.229909
namibia,1950,0.030135
nepal,1950,2.051627
netherlands,1950,383.3146
new_zealand,1950,68.06131
nicaragua,1950,2.077755
nigeria,1950,25.10141
north_korea,1950,13.74478
norway,1950,175.4813
oman,1950,0.01129583
pakistan,1950,52.70117
panama,1950,0.131497
paraguay,1950,0.9196868
peru,1950,97.39507
philippines,1950,32.66316
poland,1950,1044.088
portugal,1950,46.56602
qatar,1950,2.534512
romania,1950,230.0883
russia,1950,2565.124
saudi_arabia,1950,58.34677
senegal,1950,0.1662809
singapore,1950,0.01703497
slovakia,1950,148.0039
slovenia,1950,31.29858
south_africa,1950,588.2029
south_korea,1950,21.3653
spain,1950,454.6342
sri_lanka,1950,9.052831
sweden,1950,428.0573
switzerland,1950,91.50693
syria,1950,3.059774
tajikistan,1950,5.59851
tanzania,1950,2.880133
thailand,1950,7.401577
togo,1950,0.3004016
trinidad_and_tobago,1950,5.687893
tunisia,1950,15.31148
turkey,1950,148.6344
turkmenistan,1950,6.692051
ukraine,1950,1607.326
united_arab_emirates,1950,0.02180177
united_kingdom,1950,4642.935
united_states,1950,21215.09
uruguay,1950,21.05062
uzbekistan,1950,147.5282
venezuela,1950,67.25528
vietnam,1950,13.49802
yemen,1950,0.230009
zambia,1950,556.9882
zimbabwe,1950,62.57015
albania,1960,20.84406
algeria,1960,34.14814
angola,1960,5.224349
argentina,1960,123.1195
armenia,1960,17.03969
australia,1960,843.6186
austria,1960,334.5058
azerbaijan,1960,49.70986
bahrain,1960,1.111207
bangladesh,1960,3.444145
belarus,1960,220.7475
belgium,1960,730.1187
benin,1960,1.085065
bolivia,1960,6.666921
bosnia_and_herzegovina,1960,82.1832
botswana,1960,0.06915399
brazil,1960,433.5084
brunei,1960,0.4230545
bulgaria,1960,540.1603
cambodia,1960,2.73526
cameroon,1960,3.137232
canada,1960,4209.617
chile,1960,1185.545
china,1960,8260.553
colombia,1960,85.83723
congo,1960,8.964435
congo_drc,1960,296.9679
costa_rica,1960,4.721135
cote_d_ivoire,1960,4.28437
croatia,1960,23.51169
cuba,1960,172.0625
cyprus,1960,13.96889
czech_republic,1960,1849.864
denmark,1960,323.0334
dominican_republic,1960,10.51698
ecuador,1960,15.57745
egypt,1960,170.4643
el_salvador,1960,6.352003
eritrea,1960,0.1680978
estonia,1960,203.8306
finland,1960,390.7377
france,1960,1912.031
gabon,1960,2.236356
georgia,1960,43.14579
germany,1960,6934.145
ghana,1960,9.401087
greece,1960,109.2791
guatemala,1960,16.51993
haiti,1960,3.588774
honduras,1960,5.442902
hungary,1960,1445.047
iceland,1960,5.990175
india,1960,701.9324
indonesia,1960,70.01936
iran,1960,261.5549
iraq,1960,81.57934
ireland,1960,95.05698
israel,1960,47.48477
italy,1960,1433.083
jamaica,1960,19.00563
japan,1960,2187.562
jordan,1960,5.26639
kazakhstan,1960,1895.161
kenya,1960,19.48422
kuwait,1960,77.29806
kyrgyzstan,1960,46.94678
latvia,1960,47.02165
lebanon,1960,12.74285
libya,1960,1.554156
lithuania,1960,95.70484
luxembourg,1960,11.00796
macedonia,1960,47.0344
malaysia,1960,6.868715
malta,1960,10.79326
mexico,1960,766.3181
moldova,1960,137.5484
mongolia,1960,0.1855154
morocco,1960,41.64083
mozambique,1960,15.44804
myanmar,1960,21.84711
namibia,1960,0.02808387
nepal,1960,2.832173
netherlands,1960,640.1991
new_zealand,1960,82.95928
nicaragua,1960,5.575146
nigeria,1960,35.59378
north_korea,1960,125.5002
norway,1960,211.5965
pakistan,1960,111.15
panama,1960,0.2088248
paraguay,1960,2.81757
peru,1960,468.4902
philippines,1960,73.85098
poland,1960,1805.567
portugal,1960,76.44362
qatar,1960,7.3161
romania,1960,463.3671
russia,1960,5744.018
saudi_arabia,1960,45.94645
senegal,1960,8.44891
singapore,1960,5.401589
slovakia,1960,317.1605
slovenia,1960,83.36435
south_africa,1960,833.178
south_korea,1960,130.8445
spain,1960,622.5233
sri_lanka,1960,20.39624
sweden,1960,761.6685
switzerland,1960,185.2264
syria,1960,24.16951
tajikistan,1960,14.30233
tanzania,1960,5.393638
thailand,1960,31.23815
togo,1960,0.7282505
trinidad_and_tobago,1960,10.54132
tunisia,1960,27.09081
turkey,1960,198.5299
turkmenistan,1960,21.38787
ukraine,1960,2890.802
united_arab_emirates,1960,1.14755
united_kingdom,1960,5598.128
united_states,1960,21639.28
uruguay,1960,42.14891
uzbekistan,1960,429.8597
venezuela,1960,375.854
vietnam,1960,42.32222
yemen,1960,6.830125
zambia,1960,1235.841
zimbabwe,1960,96.25954
albania,1970,46.65161
algeria,1970,114.2278
angola,1970,10.42941
argentina,1970,166.1977
armenia,1970,43.8672
australia,1970,1451.24
austria,1970,475.2529
azerbaijan,1970,144.3482
bahrain,1970,1.336619
bangladesh,1970,5.090697
belarus,1970,433.8234
belgium,1970,1130.059
benin,1970,1.79435
bolivia,1970,13.08298
bosnia_and_herzegovina,1970,146.287
botswana,1970,0.09065813
brazil,1970,777.4966
brunei,1970,1.641297
bulgaria,1970,1557.08
cambodia,1970,3.492756
cameroon,1970,6.104013
canada,1970,5152.434
chile,1970,1560.596
china,1970,7327.124
colombia,1970,103.9706
congo,1970,19.55685
congo_drc,1970,390.9574
costa_rica,1970,10.19288
cote_d_ivoire,1970,17.77746
croatia,1970,103.7063
cuba,1970,267.0809
cyprus,1970,23.43124
czech_republic,1970,2532.701
denmark,1970,600.0167
dominican_republic,1970,29.26734
ecuador,1970,29.38565
egypt,1970,194.9658
el_salvador,1970,13.64491
eritrea,1970,0.2168163
estonia,1970,257.6352
finland,1970,591.5736
france,1970,3363.516
gabon,1970,15.15301
georgia,1970,88.85837
germany,1970,8116.572
ghana,1970,16.89653
greece,1970,282.1395
guatemala,1970,26.44505
haiti,1970,4.629994
honduras,1970,10.42148
hungary,1970,1662.381
iceland,1970,7.539353
india,1970,1114.088
indonesia,1970,107.5297
iran,1970,501.2135
iraq,1970,136.8584
ireland,1970,198.0285
israel,1970,122.4766
italy,1970,3947.267
jamaica,1970,61.63619
japan,1970,5336.781
jordan,1970,10.27693
kazakhstan,1970,2323.022
kenya,1970,21.15985
kuwait,1970,169.1167
kyrgyzstan,1970,71.12008
latvia,1970,80.54527
lebanon,1970,18.88275
libya,1970,163.5108
lithuania,1970,172.7332
luxembourg,1970,42.00398
macedonia,1970,69.63343
malaysia,1970,23.28456
malta,1970,19.93918
mexico,1970,1002.601
moldova,1970,214.4923
mongolia,1970,0.3643163
morocco,1970,64.26702
mozambique,1970,22.34271
myanmar,1970,32.97511
namibia,1970,0.03613985
nepal,1970,4.885627
netherlands,1970,844.0995
new_zealand,1970,102.248
nicaragua,1970,13.22576
nigeria,1970,274.9864
north_korea,1970,229.9957
norway,1970,307.2421
oman,1970,6.852315
pakistan,1970,138.9806
panama,1970,0.4178896
paraguay,1970,5.607337
peru,1970,583.1829
philippines,1970,206.824
poland,1970,2730.284
portugal,1970,133.2218
qatar,1970,16.6954
romania,1970,1124.184
russia,1970,7926.006
saudi_arabia,1970,129.7206
senegal,1970,12.08072
singapore,1970,62.22396
slovakia,1970,508.5603
slovenia,1970,147.6512
south_africa,1970,1490.522
south_korea,1970,554.9483
spain,1970,1431.762
sri_lanka,1970,42.38223
sweden,1970,845.7104
switzerland,1970,217.1132
syria,1970,48.30709
tajikistan,1970,28.58694
tanzania,1970,9.306737
thailand,1970,111.6732
togo,1970,2.049418
trinidad_and_tobago,1970,15.86587
tunisia,1970,55.10992
turkey,1970,381.8824
turkmenistan,1970,53.38766
ukraine,1970,3671.564
united_arab_emirates,1970,12.02915
united_kingdom,1970,6370.164
united_states,1970,29827.23
uruguay,1970,54.50477
uzbekistan,1970,419.4633
venezuela,1970,354.337
vietnam,1970,77.0606
yemen,1970,5.2401
zambia,1970,1541.687
zimbabwe,1970,101.4408
albania,1980,82.80336
algeria,1980,145.9188
angola,1980,13.43446
argentina,1980,145.5862
armenia,1980,82.57201
australia,1980,1616.642
austria,1980,384.5
azerbaijan,1980,55.64822
bahrain,1980,6.231325
bangladesh,1980,75.96198
belarus,1980,667.4323
belgium,1980,828.0
benin,1980,2.322822
bolivia,1980,15.22556
bosnia_and_herzegovina,1980,263.5263
botswana,1980,0.2414416
brazil,1980,1561.894
brunei,1980,3.801089
bulgaria,1980,2050.0
cambodia,1980,3.329061
cameroon,1980,11.7726
canada,1980,4035.17
chile,1980,2107.3
china,1980,11980.92
colombia,1980,90.86512
congo,1980,23.1548
congo_drc,1980,358.385
costa_rica,1980,15.01311
cote_d_ivoire,1980,20.231
croatia,1980,167.1648
cuba,1980,300.0629
cyprus,1980,28.00327
czech_republic,1980,2257.0
denmark,1980,452.1
dominican_republic,1980,63.34402
ecuador,1980,87.10189
egypt,1980,382.6281
el_salvador,1980,13.60955
eritrea,1980,0.2820186
estonia,1980,308.4673
finland,1980,584.0
france,1980,3211.0
gabon,1980,25.0155
georgia,1980,139.5412
germany,1980,7514.0
ghana,1980,17.31619
greece,1980,400.0
guatemala,1980,45.7406
haiti,1980,5.488303
honduras,1980,12.83679
hungary,1980,1633.0
iceland,1980,11.0
india,1980,1674.005
indonesia,1980,205.9124
iran,1980,673.141
iraq,1980,307.5665
ireland,1980,222.0
israel,1980,161.6966
italy,1980,3437.0
jamaica,1980,79.29251
japan,1980,1317.0
jordan,1980,34.76083
kazakhstan,1980,2164.433
kenya,1980,36.59112
kuwait,1980,162.1062
kyrgyzstan,1980,97.90664
latvia,1980,115.7288
lebanon,1980,40.29274
libya,1980,126.6616
lithuania,1980,243.6212
luxembourg,1980,25.52
macedonia,1980,136.765
malaysia,1980,42.7393
malta,1980,29.64939
mexico,1980,2003.311
moldova,1980,308.3223
mongolia,1980,0.6990017
morocco,1980,163.2692
mozambique,1980,20.62907
myanmar,1980,35.34656
namibia,1980,97.57085
nepal,1980,10.55517
netherlands,1980,490.0
new_zealand,1980,75.65252
nicaragua,1980,15.8781
nigeria,1980,521.182
north_korea,1980,457.0146
norway,1980,179.434
oman,1980,9.958298
pakistan,1980,160.2327
panama,1980,22.9745
paraguay,1980,8.046305
peru,1980,925.5589
philippines,1980,306.1155
poland,1980,4100.0
portugal,1980,266.0
qatar,1980,23.32062
romania,1980,1055.0
russia,1980,10143.16
saudi_arabia,1980,854.6005
senegal,1980,23.14745
singapore,1980,131.7026
slovakia,1980,780.0
slovenia,1980,234.1636
south_africa,1980,1859.675
south_korea,1980,1270.05
spain,1980,2836.0
sri_lanka,1980,50.39351
sweden,1980,491.0
switzerland,1980,116.0
syria,1980,121.8409
tajikistan,1980,45.43176
tanzania,1980,13.55363
thailand,1980,313.5053
togo,1980,2.035248
trinidad_and_tobago,1980,20.60098
tunisia,1980,125.5974
turkey,1980,478.0
turkmenistan,1980,97.71086
ukraine,1980,4529.707
united_arab_emirates,1980,85.08403
united_kingdom,1980,4775.3
united_states,1980,23773.46
uruguay,1980,53.68903
uzbekistan,1980,426.3386
venezuela,1980,332.4699
vietnam,1980,94.16229
yemen,1980,9.47191
zambia,1980,1360.751
zimbabwe,1980,136.1971
albania,1990,93.26865
algeria,1990,138.1881
angola,1990,29.39106
argentina,1990,112.807
armenia,1990,81.97064
australia,1990,1593.97
austria,1990,74.24
azerbaijan,1990,254.1694
bahrain,1990,12.56312
bangladesh,1990,65.31543
belarus,1990,623.6294
belgium,1990,263.71
benin,1990,2.123377
bolivia,1990,14.53153
bosnia_and_herzegovina,1990,470.0021
botswana,1990,22.61943
brazil,1990,1643.292
brunei,1990,3.819888
bulgaria,1990,2007.0
cambodia,1990,4.902297
cameroon,1990,15.5235
canada,1990,3079.472
chile,1990,2324.426
china,1990,17194.16
colombia,1990,125.6371
congo,1990,25.71097
congo_drc,1990,250.3076
costa_rica,1990,18.18308
cote_d_ivoire,1990,16.94732
croatia,1990,168.7091
cuba,1990,355.4854
cyprus,1990,46.00262
czech_republic,1990,1876.0
denmark,1990,177.64
dominican_republic,1990,66.36947
ecuador,1990,90.06259
egypt,1990,666.6591
el_salvador,1990,15.08591
eritrea,1990,0.3597713
estonia,1990,256.8837
finland,1990,248.7
france,1990,1368.3
gabon,1990,33.29509
georgia,1990,153.2349
germany,1990,5352.06
ghana,1990,20.02304
greece,1990,469.14
guatemala,1990,21.00309
haiti,1990,7.410846
honduras,1990,16.07796
hungary,1990,979.8583
iceland,1990,18.73362
india,1990,3301.689
indonesia,1990,348.814
iran,1990,1213.624
iraq,1990,386.5068
ireland,1990,182.59
israel,1990,273.1226
italy,1990,1793.12
jamaica,1990,98.33504
japan,1990,974.75
jordan,1990,70.63736
kazakhstan,1990,2426.885
kenya,1990,41.73609
kuwait,1990,106.2303
kyrgyzstan,1990,93.68577
latvia,1990,101.42
lebanon,1990,39.01268
libya,1990,120.4751
lithuania,1990,214.1362
luxembourg,1990,26.0
macedonia,1990,151.2746
malaysia,1990,98.67691
malta,1990,29.30402
mexico,1990,2729.223
moldova,1990,175.2884
mongolia,1990,103.1106
morocco,1990,246.7571
mozambique,1990,9.497065
myanmar,1990,18.36423
namibia,1990,80.90931
nepal,1990,15.12623
netherlands,1990,185.74
new_zealand,1990,54.21
nicaragua,1990,18.11449
nigeria,1990,459.6882
north_korea,1990,532.5311
norway,1990,52.33
oman,1990,64.633
pakistan,1990,518.0612
panama,1990,15.31675
paraguay,1990,10.23568
peru,1990,674.8141
philippines,1990,371.7653
poland,1990,3435.874
portugal,1990,319.89
qatar,1990,23.35379
romania,1990,1310.0
russia,1990,10631.92
saudi_arabia,1990,809.9846
senegal,1990,23.58906
singapore,1990,315.844
slovakia,1990,542.0
slovenia,1990,198.1721
south_africa,1990,2283.473
south_korea,1990,1475.299
spain,1990,2161.8
sri_lanka,1990,44.50498
sweden,1990,107.86
switzerland,1990,45.09082
syria,1990,250.128
tajikistan,1990,54.982
tanzania,1990,18.15012
thailand,1990,688.989
togo,1990,2.986948
trinidad_and_tobago,1990,17.48099
tunisia,1990,160.1108
turkey,1990,1573.214
turkmenistan,1990,117.6589
ukraine,1990,4121.601
united_arab_emirates,1990,167.9629
united_kingdom,1990,3709.83
united_states,1990,20986.5
uruguay,1990,28.81996
uzbekistan,1990,361.4044
venezuela,1990,289.6413
vietnam,1990,114.6196
yemen,1990,18.27609
zambia,1990,605.204
zimbabwe,1990,186.8396
albania,2000,13.46529
algeria,2000,183.6567
angola,2000,31.13978
argentina,2000,136.7799
armenia,2000,13.36566
australia,2000,2374.56
austria,2000,31.5
azerbaijan,2000,201.1063
bahrain,2000,67.10517
bangladesh,2000,97.78219
belarus,2000,136.3984
belgium,2000,117.48
benin,2000,8.116269
bolivia,2000,20.52537
bosnia_and_herzegovina,2000,189.4907
botswana,2000,78.46547
brazil,2000,1734.696
brunei,2000,7.58725
bulgaria,2000,1044.58
cambodia,2000,10.24445
cameroon,2000,106.8142
canada,2000,2234.754
chile,2000,1145.486
china,2000,21392.85
colombia,2000,150.4345
congo,2000,180.2185
congo_drc,2000,15.41456
costa_rica,2000,19.40457
cote_d_ivoire,2000,34.37329
croatia,2000,70.23355
cuba,2000,319.8899
cyprus,2000,26.16351
czech_republic,2000,264.41
denmark,2000,28.48
dominican_republic,2000,103.663
ecuador,2000,86.81187
egypt,2000,559.0499
el_salvador,2000,31.81426
eritrea,2000,6.178279
estonia,2000,114.9489
finland,2000,80.44
france,2000,669.57
gabon,2000,47.3693
georgia,2000,13.34845
germany,2000,636.83
ghana,2000,32.74698
greece,2000,492.82
guatemala,2000,58.49729
haiti,2000,6.79035
honduras,2000,29.26263
hungary,2000,488.96
iceland,2000,33.36181
india,2000,5362.53
indonesia,2000,1011.526
iran,2000,1358.811
iraq,2000,477.9927
ireland,2000,136.88
israel,2000,442.5063
italy,2000,753.69
jamaica,2000,113.5426
japan,2000,884.59
jordan,2000,101.9241
kazakhstan,2000,1766.801
kenya,2000,66.70822
kuwait,2000,290.3558
kyrgyzstan,2000,21.57971
latvia,2000,9.61
lebanon,2000,92.31453
libya,2000,101.7893
lithuania,2000,44.21162
luxembourg,2000,4.30813
macedonia,2000,98.63895
malaysia,2000,147.3934
malta,2000,26.45788
mexico,2000,2990.615
moldova,2000,13.02763
mongolia,2000,66.23566
morocco,2000,337.593
mozambique,2000,13.82694
myanmar,2000,29.55905
namibia,2000,37.35408
nepal,2000,43.07757
netherlands,2000,71.38
new_zealand,2000,63.85
nicaragua,2000,29.09995
nigeria,2000,546.5319
north_korea,2000,344.9891
norway,2000,27.02
oman,2000,130.5901
pakistan,2000,971.2995
panama,2000,26.62159
paraguay,2000,13.3542
peru,2000,1100.704
philippines,2000,475.2267
poland,2000,1492.527
portugal,2000,307.0
qatar,2000,34.23824
romania,2000,727.4206
russia,2000,6352.342
saudi_arabia,2000,1436.1
senegal,2000,32.24178
singapore,2000,303.1633
slovakia,2000,126.9516
slovenia,2000,98.95697
south_africa,2000,2391.942
south_korea,2000,942.541
spain,2000,1451.15
sri_lanka,2000,138.4198
sweden,2000,45.69
switzerland,2000,19.86185
syria,2000,283.2627
tajikistan,2000,19.76965
tanzania,2000,26.83249
thailand,2000,967.2052
togo,2000,3.371492
trinidad_and_tobago,2000,14.21812
tunisia,2000,209.9378
turkey,2000,1840.068
turkmenistan,2000,85.00308
ukraine,2000,1398.506
united_arab_emirates,2000,165.5096
united_kingdom,2000,1196.87
united_states,2000,14819.3
uruguay,2000,30.36403
uzbekistan,2000,226.5889
venezuela,2000,299.9748
vietnam,2000,199.86
yemen,2000,337.6352
zambia,2000,320.1363
zimbabwe,2000,112.0183
