country,year,co2_emissions_per_capita
united_kingdom,1750,0.2729023
united_kingdom,1760,0.2770945
united_kingdom,1770,0.3221612
united_kingdom,1780,0.3755742
canada,1790,0.001224659
united_kingdom,1790,0.4552819
canada,1800,0.00103383
germany,1800,0.009487873
poland,1800,0.01168231
united_kingdom,1800,0.6027376
united_states,1800,0.01092888
canada,1810,0.0008713896
france,1810,0.01938937
germany,1810,0.01117709
poland,1810,0.01557163
united_kingdom,1810,0.7530261
united_states,1810,0.01394425
austria,1820,0.02854257
canada,1820,0.0007272065
france,1820,0.02506707
germany,1820,0.03706083
poland,1820,0.01956272
united_kingdom,1820,0.7596602
united_states,1820,0.02038043
armenia,1830,1.132938e-05
austria,1830,0.03883197
azerbaijan,1830,6.726596e-05
belarus,1830,5.911375e-05
belgium,1830,0.4167009
canada,1830,0.0006055087
france,1830,0.05440169
georgia,1830,2.119952e-05
germany,1830,0.04663933
hungary,1830,0.007968183
kazakhstan,1830,0.0003105266
kyrgyzstan,1830,2.248183e-05
moldova,1830,2.465437e-05
norway,1830,0.001817086
poland,1830,0.024375
russia,1830,0.0001222014
spain,1830,7.668124e-05
tajikistan,1830,4.759229e-05
turkmenistan,1830,8.204825e-05
ukraine,1830,0.0001100394
united_kingdom,1830,1.056239
united_states,1830,0.04118975
uzbekistan,1830,6.146152e-05
austria,1840,0.08740521
belgium,1840,0.5153799
canada,1840,0.0005030623
france,1840,0.09328247
germany,1840,0.08044721
hungary,1840,0.008529154
norway,1840,0.009684058
poland,1840,0.04475
spain,1840,0.0007680422
sweden,1840,0.004014599
united_kingdom,1840,1.044845
united_states,1840,0.08898276
austria,1850,0.1636745
belgium,1850,0.5810691
canada,1850,0.006672783
denmark,1850,0.06204136
france,1850,0.1480949
germany,1850,0.1224441
ireland,1850,0.01570224
netherlands,1850,0.277886
norway,1850,0.02696661
poland,1850,0.06723077
spain,1850,0.009496342
sweden,1850,0.01810402
united_kingdom,1850,1.508015
united_states,1850,0.2270625
armenia,1860,0.0003594006
australia,1860,0.0631628
austria,1860,0.4013327
azerbaijan,1860,0.001957541
belarus,1860,0.001720299
belgium,1860,0.8837741
canada,1860,0.03060931
czech_republic,1860,0.00111897
denmark,1860,0.08726415
finland,1860,0.005765638
france,1860,0.2814433
georgia,1860,0.0006169378
germany,1860,0.2755416
hungary,1860,0.05114694
india,1860,0.000795082
italy,1860,0.0003067367
kazakhstan,1860,0.01187617
kyrgyzstan,1860,0.0007072779
moldova,1860,0.0007174791
netherlands,1860,0.3923743
norway,1860,0.05702648
poland,1860,0.1368157
romania,1860,0.0001164212
russia,1860,0.003065012
slovakia,1860,0.0005036764
spain,1860,0.03363973
sweden,1860,0.06390274
switzerland,1860,0.03306246
tajikistan,1860,0.001497252
turkmenistan,1860,0.002581236
ukraine,1860,0.003125301
united_kingdom,1860,1.887057
united_states,1860,0.4060077
uzbekistan,1860,0.001933578
armenia,1870,0.001950768
australia,1870,0.09164106
austria,1870,0.4427147
azerbaijan,1870,0.01032409
belarus,1870,0.009072878
belgium,1870,1.35179
canada,1870,0.08580721
czech_republic,1870,0.02489372
denmark,1870,0.1679025
finland,1870,0.01341311
france,1870,0.3668824
georgia,1870,0.003253738
germany,1870,0.5331753
greece,1870,0.01503965
hungary,1870,0.1135536
italy,1870,0.02745201
japan,1870,0.0001455731
kazakhstan,1870,0.0686245
kyrgyzstan,1870,0.003828355
moldova,1870,0.003783994
netherlands,1870,0.3723125
norway,1870,0.0980476
poland,1870,0.2696709
portugal,1870,0.001366878
romania,1870,0.001089443
russia,1870,0.0161462
slovakia,1870,0.01161667
spain,1870,0.05082819
sweden,1870,0.1004115
switzerland,1870,0.09177405
tajikistan,1870,0.008104331
turkey,1870,0.003591414
turkmenistan,1870,0.01397172
ukraine,1870,0.01587519
united_kingdom,1870,2.298136
united_states,1870,0.6908181
uzbekistan,1870,0.01046608
armenia,1880,0.006713355
australia,1880,0.2591477
austria,1880,1.300386
azerbaijan,1880,0.03452234
belarus,1880,0.03033845
belgium,1880,1.504321
canada,1880,0.3152029
czech_republic,1880,0.07468846
denmark,1880,0.2474772
finland,1880,0.01329511
france,1880,0.5351848
georgia,1880,0.01088005
germany,1880,0.7811494
hungary,1880,0.165068
india,1880,0.002200622
ireland,1880,0.01845089
italy,1880,0.04888
japan,1880,0.01741517
kazakhstan,1880,0.1931662
kyrgyzstan,1880,0.01313837
moldova,1880,0.01265315
netherlands,1880,0.535578
new_zealand,1880,0.358
norway,1880,0.1821906
poland,1880,0.3620937
portugal,1880,0.05049127
romania,1880,0.001329787
russia,1880,0.05080275
slovakia,1880,0.03581248
spain,1880,0.06929907
sweden,1880,0.1921354
switzerland,1880,0.1610265
tajikistan,1880,0.02781291
turkey,1880,0.003105718
turkmenistan,1880,0.04794896
ukraine,1880,0.04880085
united_kingdom,1880,2.644984
united_states,1880,1.072064
uzbekistan,1880,0.03591809
argentina,1890,0.1055395
armenia,1890,0.01233064
australia,1890,0.3017024
austria,1890,0.6566912
azerbaijan,1890,0.06161131
belarus,1890,0.05414441
belgium,1890,1.790846
bosnia_and_herzegovina,1890,0.002005952
bulgaria,1890,0.005863458
canada,1890,0.6675323
croatia,1890,0.004933954
czech_republic,1890,0.1183295
denmark,1890,0.3517873
finland,1890,0.02432664
france,1890,0.6713077
georgia,1890,0.0194174
germany,1890,1.193774
hungary,1890,0.2426745
india,1890,0.004713439
indonesia,1890,0.0001190476
italy,1890,0.1099538
japan,1890,0.04601143
kazakhstan,1890,0.3162223
kyrgyzstan,1890,0.02406483
malaysia,1890,0.0009090909
moldova,1890,0.02258182
netherlands,1890,0.614062
new_zealand,1890,0.582
norway,1890,0.2833583
peru,1890,0.0007394543
poland,1890,0.4999562
portugal,1890,0.08745887
romania,1890,0.02024487
russia,1890,0.0854495
slovakia,1890,0.05772507
slovenia,1890,0.009449274
south_africa,1890,0.02738429
spain,1890,0.1100959
sweden,1890,0.3204367
switzerland,1890,0.2677719
tajikistan,1890,0.05094338
turkey,1890,0.008009483
turkmenistan,1890,0.08782547
ukraine,1890,0.08016866
united_kingdom,1890,2.835588
united_states,1890,1.73692
uzbekistan,1890,0.06578918
argentina,1900,0.1132456
armenia,1900,0.03248714
australia,1900,0.7230121
austria,1900,1.258041
azerbaijan,1900,0.1577251
belarus,1900,0.1386098
belgium,1900,2.025008
bosnia_and_herzegovina,1900,0.0164431
bulgaria,1900,0.02214268
canada,1900,1.021664
chile,1900,0.07914616
croatia,1900,0.04044439
czech_republic,1900,0.1415955
denmark,1900,0.5622804
finland,1900,0.06132819
france,1900,0.8707722
georgia,1900,0.04970858
germany,1900,1.639718
greece,1900,0.02297461
hungary,1900,0.4004777
india,1900,0.01252021
indonesia,1900,0.008684211
italy,1900,0.1177183
japan,1900,0.118327
kazakhstan,1900,0.6464247
kyrgyzstan,1900,0.06322722
malaysia,1900,0.006517843
mexico,1900,0.02005105
moldova,1900,0.0578095
netherlands,1900,0.7711169
new_zealand,1900,0.7992
norway,1900,0.50625
peru,1900,0.01385441
poland,1900,0.698101
portugal,1900,0.1198142
romania,1900,0.027
russia,1900,0.2109693
slovakia,1900,0.07173582
slovenia,1900,0.07745716
south_africa,1900,0.1541578
spain,1900,0.1646768
sweden,1900,0.5423619
switzerland,1900,0.4671995
tajikistan,1900,0.1338471
turkey,1900,0.0222135
turkmenistan,1900,0.23075
ukraine,1900,0.1825382
united_kingdom,1900,3.027115
united_states,1900,2.37326
uzbekistan,1900,0.1728525
vietnam,1900,0.008171246
argentina,1910,0.3445552
armenia,1910,0.03956197
australia,1910,1.066382
austria,1910,2.361202
azerbaijan,1910,0.18663
belarus,1910,0.1640116
belgium,1910,2.253189
bosnia_and_herzegovina,1910,0.02538949
brazil,1910,0.05566919
bulgaria,1910,0.05049999
canada,1910,1.946235
chile,1910,0.2266233
china,1910,0.01209693
croatia,1910,0.06244942
czech_republic,1910,0.1608433
denmark,1910,0.7201632
finland,1910,0.0944016
france,1910,0.9957969
georgia,1910,0.05881824
germany,1910,1.932956
greece,1910,0.03684211
hungary,1910,0.4478762
india,1910,0.02748401
indonesia,1910,0.02338428
ireland,1910,0.01345496
italy,1910,0.2036696
japan,1910,0.2174788
kazakhstan,1910,0.6561299
kyrgyzstan,1910,0.07678312
malaysia,1910,0.02229988
mexico,1910,0.07480211
moldova,1910,0.06840374
netherlands,1910,0.9555427
new_zealand,1910,1.338
norway,1910,0.6777889
peru,1910,0.05645377
philippines,1910,0.001588022
poland,1910,0.9684732
portugal,1910,0.1450453
romania,1910,0.0697792
russia,1910,0.2173141
slovakia,1910,0.08535121
slovenia,1910,0.1196002
south_africa,1910,0.8443286
spain,1910,0.2040151
sweden,1910,0.7102785
switzerland,1910,0.5664047
tajikistan,1910,0.1625439
trinidad_and_tobago,1910,0.05438066
turkey,1910,0.03953846
turkmenistan,1910,0.2802228
ukraine,1910,0.1896987
united_kingdom,1910,3.074446
united_states,1910,3.781549
uzbekistan,1910,0.2099121
vietnam,1910,0.0186708
zimbabwe,1910,0.06647161
algeria,1920,0.0008159254
argentina,1920,0.1723641
armenia,1920,0.01210287
australia,1920,1.297134
austria,1920,0.6183236
azerbaijan,1920,0.05547612
belarus,1920,0.04875277
belgium,1920,2.016265
brazil,1920,0.04133134
bulgaria,1920,0.07113739
canada,1920,2.602107
chile,1920,0.2011662
china,1920,0.01547881
congo_drc,1920,8.823045e-05
czech_republic,1920,0.1225298
denmark,1920,0.6248297
ecuador,1920,0.003910615
egypt,1920,0.008899815
finland,1920,0.02233784
france,1920,1.053674
georgia,1920,0.01748384
germany,1920,1.923703
greece,1920,0.03245614
hungary,1920,0.2056166
india,1920,0.04077864
indonesia,1920,0.02708955
iran,1920,0.02529832
ireland,1920,0.01834442
italy,1920,0.1272802
japan,1920,0.3644437
kazakhstan,1920,0.1555346
kyrgyzstan,1920,0.02342456
malaysia,1920,0.08481554
mexico,1920,0.1847925
moldova,1920,0.02033315
netherlands,1920,0.8812992
new_zealand,1920,0.7913609
nigeria,1920,0.004098346
norway,1920,0.5461202
peru,1920,0.07481492
philippines,1920,0.002610723
poland,1920,0.869743
portugal,1920,0.09132475
romania,1920,0.1046191
russia,1920,0.07614772
slovakia,1920,0.0676034
south_africa,1920,1.032274
spain,1920,0.1800432
sweden,1920,0.5295654
switzerland,1920,0.5087104
tajikistan,1920,0.04958798
trinidad_and_tobago,1920,0.3573265
tunisia,1920,0.003227164
turkey,1920,0.02680888
turkmenistan,1920,0.08548879
ukraine,1920,0.06003547
united_kingdom,1920,2.992266
united_states,1920,4.401022
uzbekistan,1920,0.06403879
venezuela,1920,0.01699843
vietnam,1920,0.02375495
zimbabwe,1920,0.1917978
algeria,1930,0.002941148
argentina,1930,0.2968254
armenia,1930,0.05285834
australia,1930,1.11355
austria,1930,0.7713593
azerbaijan,1930,0.2354212
barbados,1930,0.01010101
belarus,1930,0.2068896
belgium,1930,3.159786
bolivia,1930,0.001025764
bosnia_and_herzegovina,1930,0.1338308
brazil,1930,0.05223695
bulgaria,1930,0.1388792
canada,1930,2.45814
chile,1930,0.2472941
china,1930,0.02116564
colombia,1930,0.02249179
congo_drc,1930,0.009129751
croatia,1930,0.329178
czech_republic,1930,0.1347878
denmark,1930,1.086717
ecuador,1930,0.09516461
egypt,1930,0.01791973
estonia,1930,0.006038339
finland,1930,0.1988
france,1930,1.632037
georgia,1930,0.07419526
germany,1930,1.978336
greece,1930,0.1226578
hungary,1930,0.4236606
india,1930,0.04641442
indonesia,1930,0.03732899
iran,1930,0.03520751
iraq,1930,0.03270879
ireland,1930,0.890673
israel,1930,0.01366287
italy,1930,0.2637851
japan,1930,0.3930117
kazakhstan,1930,0.6376156
kyrgyzstan,1930,0.1020215
latvia,1930,0.005263158
malaysia,1930,0.235367
mexico,1930,0.1313357
moldova,1930,0.08628673
morocco,1930,0.00137684
mozambique,1930,0.0005759745
myanmar,1930,0.05134146
netherlands,1930,1.40247
new_zealand,1930,0.9133422
nigeria,1930,0.007573003
norway,1930,0.8464518
peru,1930,0.05042106
philippines,1930,0.001819009
poland,1930,0.5474046
portugal,1930,0.1732763
romania,1930,0.2223976
russia,1930,0.3142179
slovakia,1930,0.07322007
slovenia,1930,0.6304259
south_africa,1930,0.9565563
spain,1930,0.2738267
sweden,1930,0.9251567
switzerland,1930,0.6415837
tajikistan,1930,0.2159717
trinidad_and_tobago,1930,1.298765
tunisia,1930,0.003227164
turkey,1930,0.06828915
turkmenistan,1930,0.3723313
ukraine,1930,0.2924061
united_kingdom,1930,2.756239
united_states,1930,3.781622
uzbekistan,1930,0.2789097
vietnam,1930,0.06064021
zimbabwe,1930,0.3087484
albania,1940,0.1779671
algeria,1940,0.00784405
argentina,1940,0.3060188
armenia,1940,0.1376853
australia,1940,1.357603
austria,1940,0.3003108
azerbaijan,1940,0.7360671
bahrain,1940,7.784592
belarus,1940,0.6468604
belgium,1940,2.032575
bolivia,1940,0.01025596
bosnia_and_herzegovina,1940,0.1062491
brazil,1940,0.0663159
brunei,1940,108.8052
bulgaria,1940,0.1838182
canada,1940,2.536096
chile,1940,0.2859419
china,1940,0.04511723
colombia,1940,0.1239372
congo_drc,1940,0.001765659
croatia,1940,0.2613363
czech_republic,1940,0.2060258
denmark,1940,0.9821879
ecuador,1940,0.1021579
egypt,1940,0.04630012
eritrea,1940,0.002336519
finland,1940,0.17102
france,1940,0.9254301
georgia,1940,0.2048431
germany,1940,2.557371
greece,1940,0.008928571
hungary,1940,0.4940163
iceland,1940,0.03833742
india,1940,0.04757391
indonesia,1940,0.04796243
iran,1940,0.09525011
iraq,1940,0.4730255
ireland,1940,1.063218
israel,1940,0.01987327
italy,1940,0.3051379
japan,1940,0.5721042
kazakhstan,1940,1.58529
kyrgyzstan,1940,0.3273745
lebanon,1940,0.005198132
malaysia,1940,0.1258467
mexico,1940,0.2480411
moldova,1940,0.2697838
morocco,1940,0.01274915
mozambique,1940,0.002784508
myanmar,1940,0.04892655
netherlands,1940,1.023209
new_zealand,1940,0.772754
nigeria,1940,0.006474918
norway,1940,0.5903091
peru,1940,0.06711509
philippines,1940,0.001869159
poland,1940,1.679358
portugal,1940,0.1385192
romania,1940,0.430989
russia,1940,0.8594797
saudi_arabia,1940,0.1926807
slovakia,1940,0.100962
slovenia,1940,0.5004988
south_africa,1940,1.261266
spain,1940,0.2280614
sweden,1940,0.8690333
switzerland,1940,0.5342343
syria,1940,0.002067934
tajikistan,1940,0.6930263
thailand,1940,0.001030724
trinidad_and_tobago,1940,4.928571
tunisia,1940,0.01274929
turkey,1940,0.07867124
turkmenistan,1940,1.194765
ukraine,1940,0.931044
united_kingdom,1940,2.904261
united_states,1940,3.834086
uruguay,1940,0.01185841
uzbekistan,1940,0.8949864
venezuela,1940,0.6015617
vietnam,1940,0.07137572
zimbabwe,1940,0.3803909
afghanistan,1950,0.002821582
albania,1950,0.06666656
algeria,1950,0.1180167
angola,1950,0.01229654
argentina,1950,0.4762589
armenia,1950,0.1865829
australia,1950,1.818105
austria,1950,0.8223233
azerbaijan,1950,0.954201
bahamas,1950,0.1896621
bahrain,1950,3.260879
barbados,1950,0.09478898
belarus,1950,0.8385578
belgium,1950,2.410735
belize,1950,0.07254999
bolivia,1950,0.05011737
bosnia_and_herzegovina,1950,0.1928387
brazil,1950,0.09943543
brunei,1950,15.18613
bulgaria,1950,0.2823059
burundi,1950,0.0009770789
cameroon,1950,0.008507788
canada,1950,3.062969
cape_verde,1950,0.191605
chile,1950,0.3793203
china,1950,0.03998179
colombia,1950,0.170589
congo_drc,1950,0.03315916
costa_rica,1950,0.08074409
croatia,1950,0.4743169
cuba,1950,0.2584461
cyprus,1950,0.1477691
czech_republic,1950,0.1197009
denmark,1950,1.405293
djibouti,1950,0.04838632
dominican_republic,1950,0.03872976
ecuador,1950,0.05963351
egypt,1950,0.1298688
el_salvador,1950,0.03318337
equatorial_guinea,1950,0.01330165
fiji,1950,0.1141896
finland,1950,0.4457467
france,1950,1.319953
georgia,1950,0.2946101
germany,1950,2.038815
ghana,1950,0.03493359
greece,1950,0.1489558
grenada,1950,0.02608378
guatemala,1950,0.05371776
guinea_bissau,1950,0.003859737
guyana,1950,0.1678884
haiti,1950,0.009623513
honduras,1950,0.05513587
hungary,1950,0.5375883
iceland,1950,1.412607
india,1950,0.04887369
indonesia,1950,0.03477557
iran,1950,0.08709283
iraq,1950,0.07868246
ireland,1950,0.8945773
israel,1950,0.3616936
italy,1950,0.2439894
jamaica,1950,0.05274803
japan,1950,0.338007
jordan,1950,0.09947322
kazakhstan,1950,2.588376
kenya,1950,0.04081124
kuwait,1950,0.6896552
kyrgyzstan,1950,0.4355603
lebanon,1950,0.2779268
liberia,1950,0.01577863
libya,1950,0.03790051
luxembourg,1950,6.841193
madagascar,1950,0.02032543
malaysia,1950,0.1330626
malta,1950,0.2147457
mauritius,1950,0.1115044
mexico,1950,0.3001727
moldova,1950,0.6125583
mongolia,1950,0.1024566
morocco,1950,0.07807439
mozambique,1950,0.03818611
myanmar,1950,0.01276409
nepal,1950,0.0008614191
netherlands,1950,1.384022
new_zealand,1950,1.22589
nicaragua,1950,0.04092686
nigeria,1950,0.01679389
north_korea,1950,0.02187572
norway,1950,0.7050536
pakistan,1950,0.04208633
panama,1950,0.163936
papua_new_guinea,1950,0.008342157
paraguay,1950,0.01153915
peru,1950,0.162464
philippines,1950,0.0508096
poland,1950,1.23304
portugal,1950,0.1825104
qatar,1950,3.84
romania,1950,0.3249954
russia,1950,1.326283
rwanda,1950,0.002127349
samoa,1950,0.01217997
saudi_arabia,1950,0.43825
sierra_leone,1950,0.02211935
slovakia,1950,0.09887764
slovenia,1950,0.9083891
somalia,1950,0.005741847
south_africa,1950,1.217628
south_korea,1950,0.03102327
spain,1950,0.3220423
sri_lanka,1950,0.05387942
st_lucia,1950,0.01207977
st_vincent_and_the_grenadines,1950,0.01492537
suriname,1950,0.2697687
swaziland,1950,0.003663004
sweden,1950,1.115483
switzerland,1950,0.5951882
syria,1950,0.03195611
tajikistan,1950,0.9220473
thailand,1950,0.01261687
the_gambia,1950,0.0154767
togo,1950,0.005267094
tonga,1950,0.04235493
trinidad_and_tobago,1950,1.009436
tunisia,1950,0.1119104
turkey,1950,0.1205548
turkmenistan,1950,1.589593
uganda,1950,0.005622123
ukraine,1950,1.10449
united_kingdom,1950,2.69883
united_states,1950,4.386349
uruguay,1950,0.2997535
uzbekistan,1950,1.190748
venezuela,1950,2.050962
yemen,1950,0.003707136
afghanistan,1960,0.01366201
albania,1960,0.342116
algeria,1960,0.1556482
angola,1960,0.02993065
antigua_and_barbuda,1960,0.1829558
argentina,1960,0.6435608
armenia,1960,0.2882872
australia,1960,2.340686
austria,1960,1.193446
azerbaijan,1960,1.512574
bahamas,1960,1.021488
bahrain,1960,1.005688
barbados,1960,0.2037613
belarus,1960,1.690441
belgium,1960,2.710741
belize,1960,0.1292867
benin,1960,0.01939031
bolivia,1960,0.08175136
bosnia_and_herzegovina,1960,0.3188251
brazil,1960,0.1758498
brunei,1960,11.35513
bulgaria,1960,0.7727207
burkina_faso,1960,0.002542009
burundi,1960,0.00338135
cambodia,1960,0.0117792
cameroon,1960,0.01368345
canada,1960,2.937404
cape_verde,1960,0.03055752
central_african_republic,1960,0.01596523
chad,1960,0.005055915
chile,1960,0.4811102
china,1960,0.3354986
colombia,1960,0.2795758
comoros,1960,0.01554026
congo,1960,0.06031357
congo_drc,1960,0.04114382
costa_rica,1960,0.1004461
cote_d_ivoire,1960,0.03657733
croatia,1960,0.891893
cuba,1960,0.5231639
cyprus,1960,0.4223415
czech_republic,1960,0.1914717
denmark,1960,1.772976
djibouti,1960,0.129613
dominica,1960,0.05068681
dominican_republic,1960,0.08479513
ecuador,1960,0.1083403
egypt,1960,0.1574925
el_salvador,1960,0.06056763
equatorial_guinea,1960,0.02380197
fiji,1960,0.1345195
finland,1960,0.9297966
france,1960,1.619373
gabon,1960,0.07412242
georgia,1960,0.5325276
germany,1960,3.051518
ghana,1960,0.05877404
greece,1960,0.3077939
grenada,1960,0.06678317
guatemala,1960,0.08887515
guinea,1960,0.03586677
guinea_bissau,1960,0.008417055
guyana,1960,0.3166227
haiti,1960,0.02015818
honduras,1960,0.08387658
hungary,1960,1.239282
iceland,1960,1.880703
india,1960,0.0869462
indonesia,1960,0.06272428
iran,1960,0.5884844
iraq,1960,0.3006541
ireland,1960,1.076218
israel,1960,0.8344292
italy,1960,0.6023528
jamaica,1960,0.2461606
japan,1960,0.6812743
jordan,1960,0.226538
kazakhstan,1960,3.699985
kenya,1960,0.08168562
kuwait,1960,7.655255
kyrgyzstan,1960,0.7436479
laos,1960,0.01035755
lebanon,1960,0.3680199
liberia,1960,0.04251114
libya,1960,0.1401034
luxembourg,1960,10.00312
madagascar,1960,0.02136077
malaysia,1960,0.2840154
mali,1960,0.006522018
malta,1960,0.298076
mauritania,1960,0.0116373
mauritius,1960,0.07422331
mexico,1960,0.4540198
moldova,1960,1.017774
mongolia,1960,0.3681405
morocco,1960,0.085326
mozambique,1960,0.06722386
myanmar,1960,0.03516045
nepal,1960,0.002659702
netherlands,1960,1.745159
new_zealand,1960,1.32715
nicaragua,1960,0.08227317
niger,1960,0.002467918
nigeria,1960,0.02057677
north_korea,1960,0.5933415
norway,1960,0.9977665
pakistan,1960,0.09235231
palau,1960,0.4130525
panama,1960,0.2414346
papua_new_guinea,1960,0.02355228
paraguay,1960,0.0435229
peru,1960,0.2244368
philippines,1960,0.08507922
poland,1960,1.838377
portugal,1960,0.2532253
qatar,1960,1.066667
romania,1960,0.7918727
russia,1960,2.421624
rwanda,1960,0.0066001
samoa,1960,0.03639143
sao_tome_and_principe,1960,0.04669188
saudi_arabia,1960,0.1793983
senegal,1960,0.07332953
sierra_leone,1960,0.08652895
singapore,1960,0.2325581
slovakia,1960,0.141356
slovenia,1960,1.673163
solomon_is,1960,0.02536054
somalia,1960,0.008159087
south_africa,1960,1.535426
south_korea,1960,0.1365459
spain,1960,0.4381524
sri_lanka,1960,0.07365088
st_lucia,1960,0.04444691
st_vincent_and_the_grenadines,1960,0.03706174
suriname,1960,0.4068966
swaziland,1960,0.02577822
sweden,1960,1.794385
switzerland,1960,0.9992063
syria,1960,0.1904446
tajikistan,1960,1.445492
thailand,1960,0.03664704
the_gambia,1960,0.01573039
togo,1960,0.01149137
tonga,1960,0.04388531
trinidad_and_tobago,1960,0.8351077
tunisia,1960,0.2324258
turkey,1960,0.1624695
turkmenistan,1960,2.575179
uganda,1960,0.01679595
ukraine,1960,2.052587
united_arab_emirates,1960,0.03324689
united_kingdom,1960,3.042848
united_states,1960,4.276596
uruguay,1960,0.4639973
uzbekistan,1960,1.872648
venezuela,1960,2.053086
vietnam,1960,0.04820439
yemen,1960,0.1897737
afghanistan,1970,0.03817655
albania,1970,0.468721
algeria,1970,0.2990648
angola,1970,0.1587969
antigua_and_barbuda,1970,1.820441
argentina,1970,0.9226459
armenia,1970,0.3393967
australia,1970,3.055617
austria,1970,1.851617
azerbaijan,1970,1.808344
bahamas,1970,4.141531
bahrain,1970,1.553057
barbados,1970,0.4774849
belarus,1970,2.43171
belgium,1970,3.554955
belize,1970,0.2690254
benin,1970,0.02793366
bhutan,1970,0.003359323
bolivia,1970,0.1595447
bosnia_and_herzegovina,1970,0.5625136
brazil,1970,0.2454075
brunei,1970,228.0881
bulgaria,1970,1.949686
burkina_faso,1970,0.006954649
burundi,1970,0.003984631
cambodia,1970,0.04612283
cameroon,1970,0.02544309
canada,1970,4.109573
cape_verde,1970,0.03746581
central_african_republic,1970,0.03063508
chad,1970,0.009233222
chile,1970,0.7002052
china,1970,0.2614554
colombia,1970,0.3281376
comoros,1970,0.02941164
congo,1970,0.1110421
congo_drc,1970,0.03647939
costa_rica,1970,0.1860476
cote_d_ivoire,1970,0.1268978
croatia,1970,1.711353
cuba,1970,0.5778431
cyprus,1970,0.7561062
czech_republic,1970,0.2856472
denmark,1970,3.427226
djibouti,1970,0.1732845
dominica,1970,0.1082117
dominican_republic,1970,0.1844784
ecuador,1970,0.1895452
egypt,1970,0.1624458
el_salvador,1970,0.1026265
equatorial_guinea,1970,0.03438967
fiji,1970,0.2729174
finland,1970,2.382763
france,1970,2.279768
gabon,1970,1.067286
georgia,1970,0.7470776
germany,1970,3.53456
ghana,1970,0.08192777
greece,1970,0.7496871
grenada,1970,0.1271254
guatemala,1970,0.1140132
guinea,1970,0.05412131
guinea_bissau,1970,0.02982359
guyana,1970,0.6075737
haiti,1970,0.02249099
honduras,1970,0.1330408
hungary,1970,1.847054
iceland,1970,1.856924
india,1970,0.0956102
indonesia,1970,0.0773685
iran,1970,0.8400664
iraq,1970,0.622146
ireland,1970,1.766595
israel,1970,1.560151
italy,1970,1.458978
jamaica,1970,0.7287304
japan,1970,1.93149
jordan,1970,0.2483373
kazakhstan,1970,4.47915
kenya,1970,0.06747562
kiribati,1970,0.1366961
kuwait,1970,9.175557
kyrgyzstan,1970,0.8652625
laos,1970,0.05645428
lebanon,1970,0.4359847
liberia,1970,0.271311
libya,1970,4.41675
luxembourg,1970,10.98224
madagascar,1970,0.03773189
malawi,1970,0.02523349
malaysia,1970,0.362497
mali,1970,0.009112041
malta,1970,0.5880235
mauritania,1970,0.1017899
mauritius,1970,0.1633742
mexico,1970,0.5641863
moldova,1970,1.350245
mongolia,1970,0.6076573
morocco,1970,0.1256695
mozambique,1970,0.08318449
myanmar,1970,0.04234426
nauru,1970,2.773498
nepal,1970,0.005213133
netherlands,1970,2.665409
new_zealand,1970,1.372891
nicaragua,1970,0.157521
niger,1970,0.01346165
nigeria,1970,0.103688
north_korea,1970,1.407968
norway,1970,1.762529
oman,1970,0.08571781
pakistan,1970,0.1046638
palau,1970,3.288304
panama,1970,0.3848573
papua_new_guinea,1970,0.07401058
paraguay,1970,0.07928398
peru,1970,0.3665157
philippines,1970,0.1840987
poland,1970,2.517347
portugal,1970,0.426937
qatar,1970,18.53049
romania,1970,1.563211
russia,1970,3.535642
rwanda,1970,0.004237476
samoa,1970,0.05619793
sao_tome_and_principe,1970,0.05432568
saudi_arabia,1970,1.711305
senegal,1970,0.08155294
seychelles,1970,0.1526106
sierra_leone,1970,0.07385051
singapore,1970,2.392749
slovakia,1970,0.1981777
slovenia,1970,3.131029
solomon_is,1970,0.06846416
somalia,1970,0.01638906
south_africa,1970,1.802379
south_korea,1970,0.4502885
spain,1970,0.8806744
sri_lanka,1970,0.07835388
st_lucia,1970,0.1726635
st_vincent_and_the_grenadines,1970,0.08844177
suriname,1970,1.179166
swaziland,1970,0.233379
sweden,1970,3.127876
switzerland,1970,1.742871
syria,1970,0.2610265
tajikistan,1970,1.624813
tanzania,1970,0.03544145
thailand,1970,0.1127834
the_gambia,1970,0.03017964
togo,1970,0.03376659
tonga,1970,0.07120189
trinidad_and_tobago,1970,2.353566
tunisia,1970,0.3969182
turkey,1970,0.3179733
turkmenistan,1970,2.977045
uganda,1970,0.04077051
ukraine,1970,2.946676
united_arab_emirates,1970,18.50879
united_kingdom,1970,3.134207
united_states,1970,5.495249
uruguay,1970,0.5537341
uzbekistan,1970,2.125314
vanuatu,1970,0.1278876
venezuela,1970,1.806911
vietnam,1970,0.1788647
yemen,1970,0.1071866
zambia,1970,0.2484539
zimbabwe,1970,0.427718
afghanistan,1980,0.03355851
albania,1980,0.4933927
algeria,1980,0.9588436
angola,1980,0.1844919
antigua_and_barbuda,1980,0.5395683
argentina,1980,1.041706
armenia,1980,0.4054314
australia,1980,4.048558
austria,1980,1.889572
azerbaijan,1980,2.229718
bahamas,1980,10.37081
bahrain,1980,6.155673
bangladesh,1980,0.02304276
barbados,1980,0.7390122
belarus,1980,3.342512
belgium,1980,3.645396
belize,1980,0.3616234
benin,1980,0.03960748
bhutan,1980,0.01419802
bolivia,1980,0.2300216
bosnia_and_herzegovina,1980,0.7557674
botswana,1980,0.2730823
brazil,1980,0.4116812
brunei,1980,169.7822
bulgaria,1980,2.31856
burkina_faso,1980,0.01719525
burundi,1980,0.007506059
cambodia,1980,0.01155927
cameroon,1980,0.1164122
canada,1980,4.726248
cape_verde,1980,0.1140953
central_african_republic,1980,0.01278227
chad,1980,0.01236934
chile,1980,0.6718324
china,1980,0.4185799
colombia,1980,0.4042664
comoros,1980,0.03345316
congo,1980,0.05455074
congo_drc,1980,0.03481778
costa_rica,1980,0.2861238
cote_d_ivoire,1980,0.1943131
croatia,1980,2.404892
cuba,1980,0.8559005
cyprus,1980,1.428873
czech_republic,1980,0.3321319
denmark,1980,3.352704
djibouti,1980,0.2441011
dominica,1980,0.1369
dominican_republic,1980,0.2932418
ecuador,1980,0.4603021
egypt,1980,0.2773387
el_salvador,1980,0.1246108
equatorial_guinea,1980,0.07261142
fiji,1980,0.3361371
finland,1980,3.246967
france,1980,2.441865
gabon,1980,2.473661
georgia,1980,1.018162
germany,1980,3.750049
ghana,1980,0.06158082
greece,1980,1.46435
grenada,1980,0.146184
guatemala,1980,0.1746083
guinea,1980,0.05552573
guinea_bissau,1980,0.0442561
guyana,1980,0.6223601
haiti,1980,0.03602014
honduras,1980,0.1540798
hungary,1980,2.102924
iceland,1980,2.230891
india,1980,0.1368653
indonesia,1980,0.1739367
iran,1980,0.8106631
iraq,1980,0.8554744
ireland,1980,2.091444
israel,1980,1.532453
italy,1980,1.802875
jamaica,1980,1.080068
japan,1980,2.150937
jordan,1980,0.5797101
kazakhstan,1980,5.780761
kenya,1980,0.1039265
kiribati,1980,0.1461214
kuwait,1980,4.894089
kyrgyzstan,1980,1.038528
laos,1980,0.01544391
lebanon,1980,0.6047302
liberia,1980,0.2900721
libya,1980,2.398629
luxembourg,1980,7.914147
madagascar,1980,0.05067266
malawi,1980,0.03105497
malaysia,1980,0.5547305
maldives,1980,0.07590229
mali,1980,0.01489574
malta,1980,0.8299242
mauritania,1980,0.1094902
mauritius,1980,0.1666606
mexico,1980,1.135451
moldova,1980,1.777597
mongolia,1980,1.116639
morocco,1980,0.2222118
mozambique,1980,0.07175746
myanmar,1980,0.03897361
nauru,1980,4.543632
nepal,1980,0.009828981
netherlands,1980,2.956789
new_zealand,1980,1.473063
nicaragua,1980,0.1701289
niger,1980,0.02634166
nigeria,1980,0.2493997
north_korea,1980,1.97757
norway,1980,2.238338
oman,1980,1.349962
pakistan,1980,0.1045525
palau,1980,3.430812
panama,1980,0.4829318
papua_new_guinea,1980,0.1559855
paraguay,1980,0.1256707
peru,1980,0.3724504
philippines,1980,0.2071631
poland,1980,3.500547
portugal,1980,0.7566825
qatar,1980,15.5682
romania,1980,2.357961
russia,1980,4.883243
rwanda,1980,0.01674046
samoa,1980,0.1741722
sao_tome_and_principe,1980,0.116171
saudi_arabia,1980,4.717122
senegal,1980,0.1605747
seychelles,1980,0.393272
sierra_leone,1980,0.04937327
singapore,1980,3.403186
slovakia,1980,0.2200115
slovenia,1980,4.20994
solomon_is,1980,0.1223135
somalia,1980,0.03357414
south_africa,1980,2.128647
south_korea,1980,0.9119217
spain,1980,1.458047
sri_lanka,1980,0.06009412
st_lucia,1980,0.2539984
st_vincent_and_the_grenadines,1980,0.09956887
suriname,1980,1.771707
swaziland,1980,0.1972805
sweden,1980,2.343912
switzerland,1980,1.767036
syria,1980,0.5878718
tajikistan,1980,1.775849
tanzania,1980,0.02738268
thailand,1980,0.2312551
the_gambia,1980,0.06978786
togo,1980,0.06500062
tonga,1980,0.113532
trinidad_and_tobago,1980,4.207942
tunisia,1980,0.5263995
turkey,1980,0.451352
turkmenistan,1980,3.34457
uganda,1980,0.01390711
ukraine,1980,4.091884
united_arab_emirates,1980,9.913318
united_kingdom,1980,2.821561
united_states,1980,5.476147
uruguay,1980,0.540512
uzbekistan,1980,2.342826
vanuatu,1980,0.1451069
venezuela,1980,1.604279
vietnam,1980,0.0860325
yemen,1980,0.1079779
zambia,1980,0.1667775
zimbabwe,1980,0.3608728
afghanistan,1990,0.05667541
albania,1990,0.6031343
algeria,1990,0.8311278
angola,1990,0.1189331
antigua_and_barbuda,1990,1.324247
argentina,1990,0.9215784
armenia,1990,0.3888438
australia,1990,4.680173
austria,1990,2.167261
azerbaijan,1990,2.091331
bahamas,1990,2.081353
bahrain,1990,6.48339
bangladesh,1990,0.03625289
barbados,1990,1.132215
belarus,1990,3.454951
belgium,1990,2.721821
belize,1990,0.4477879
benin,1990,0.04066662
bhutan,1990,0.06377853
bolivia,1990,0.2250187
bosnia_and_herzegovina,1990,0.8777495
botswana,1990,0.4379997
brazil,1990,0.369712
brunei,1990,105.7861
bulgaria,1990,2.331693
burkina_faso,1990,0.01724536
burundi,1990,0.00932892
cambodia,1990,0.01269336
cameroon,1990,0.03580487
canada,1990,4.222036
cape_verde,1990,0.06775431
central_african_republic,1990,0.0184397
chad,1990,0.006387831
chile,1990,0.7311314
china,1990,0.5837133
colombia,1990,0.4719032
comoros,1990,0.04111307
congo,1990,0.1308001
congo_drc,1990,0.02928453
costa_rica,1990,0.2585852
cote_d_ivoire,1990,0.1165718
croatia,1990,2.979017
cuba,1990,0.826193
cyprus,1990,1.863076
czech_republic,1990,0.2891893
denmark,1990,2.642245
djibouti,1990,0.1713432
dominica,1990,0.2324939
dominican_republic,1990,0.3539623
ecuador,1990,0.4399481
egypt,1990,0.3562872
el_salvador,1990,0.1339662
equatorial_guinea,1990,0.08437617
fiji,1990,0.3068163
finland,1990,2.767304
france,1990,1.744168
gabon,1990,1.764896
georgia,1990,1.038683
germany,1990,3.369165
ghana,1990,0.0686821
greece,1990,1.94016
grenada,1990,0.3431067
guatemala,1990,0.1557779
guinea,1990,0.04489956
guinea_bissau,1990,0.05575161
guyana,1990,0.4124465
haiti,1990,0.03812659
honduras,1990,0.1442503
hungary,1990,1.582851
iceland,1990,2.16254
india,1990,0.2152218
indonesia,1990,0.2297092
iran,1990,1.049968
iraq,1990,0.7325459
ireland,1990,2.378051
israel,1990,2.003013
italy,1990,1.894848
jamaica,1990,0.9187868
japan,1990,2.394176
jordan,1990,0.8540248
kazakhstan,1990,5.728561
kenya,1990,0.06780928
kiribati,1990,0.08351312
kuwait,1990,5.527752
kyrgyzstan,1990,0.9412605
laos,1990,0.0149765
lebanon,1990,0.8344756
liberia,1990,0.05860967
libya,1990,2.361961
luxembourg,1990,7.075892
madagascar,1990,0.02279784
malawi,1990,0.01735176
malaysia,1990,0.8333821
maldives,1990,0.1948739
mali,1990,0.01328767
malta,1990,1.691075
marshall_is,1990,0.2748937
mauritania,1990,0.3616838
mauritius,1990,0.3777404
mexico,1990,1.227855
moldova,1990,1.79346
mongolia,1990,1.229649
morocco,1990,0.2583871
mozambique,1990,0.02008385
myanmar,1990,0.02849834
namibia,1990,0.001411535
nauru,1990,3.934426
nepal,1990,0.009003044
netherlands,1990,2.549968
new_zealand,1990,1.810015
nicaragua,1990,0.17449
niger,1990,0.03618447
nigeria,1990,0.1271237
north_korea,1990,3.314764
norway,1990,1.949317
oman,1990,1.520349
pakistan,1990,0.1603614
palau,1990,4.286671
panama,1990,0.3539817
papua_new_guinea,1990,0.160491
paraguay,1990,0.1451856
peru,1990,0.2635922
philippines,1990,0.1919667
poland,1990,2.489322
portugal,1990,1.157595
qatar,1990,7.113395
romania,1990,1.823782
russia,1990,5.020949
rwanda,1990,0.02013902
samoa,1990,0.2107482
sao_tome_and_principe,1990,0.1550161
saudi_arabia,1990,3.314008
senegal,1990,0.1134289
seychelles,1990,0.4304838
sierra_leone,1990,0.0222848
singapore,1990,3.794946
slovakia,1990,0.1817168
slovenia,1990,5.117615
solomon_is,1990,0.1402931
somalia,1990,0.0007580367
south_africa,1990,2.465051
south_korea,1990,1.533868
spain,1990,1.488647
sri_lanka,1990,0.05933953
st_lucia,1990,0.3179329
st_vincent_and_the_grenadines,1990,0.2047979
suriname,1990,1.214553
swaziland,1990,0.08329795
sweden,1990,1.577202
switzerland,1990,1.735316
syria,1990,0.7690482
tajikistan,1990,1.453311
tanzania,1990,0.02502492
thailand,1990,0.461084
the_gambia,1990,0.05806624
togo,1990,0.05221681
tonga,1990,0.2220507
trinidad_and_tobago,1990,3.787385
tunisia,1990,0.5975699
turkey,1990,0.6883692
turkmenistan,1990,2.864328
uganda,1990,0.01252054
ukraine,1990,4.358737
united_arab_emirates,1990,7.992682
united_kingdom,1990,2.713973
united_states,1990,5.137472
uruguay,1990,0.3430877
uzbekistan,1990,2.000182
vanuatu,1990,0.1204424
venezuela,1990,1.622424
vietnam,1990,0.08812411
yemen,1990,0.2125297
zambia,1990,0.08432066
zimbabwe,1990,0.4342746
afghanistan,2000,0.01022604
albania,2000,0.1903796
algeria,2000,1.044547
andorra,2000,2.16
angola,2000,0.1261247
antigua_and_barbuda,2000,1.244587
argentina,2000,1.010186
armenia,2000,0.307236
australia,2000,4.675567
austria,2000,2.10501
azerbaijan,2000,0.9748306
bahamas,2000,1.607548
bahrain,2000,8.299847
bangladesh,2000,0.05378395
barbados,2000,1.287472
belarus,2000,1.605801
belgium,2000,2.725669
belize,2000,0.7474674
benin,2000,0.06622287
bhutan,2000,0.1924533
bolivia,2000,0.269917
bosnia_and_herzegovina,2000,1.702414
botswana,2000,0.6769019
brazil,2000,0.481879
brunei,2000,82.15574
bulgaria,2000,1.443904
burkina_faso,2000,0.01652941
burundi,2000,0.01050579
cambodia,2000,0.0113638
cameroon,2000,0.0589961
canada,2000,4.609926
cape_verde,2000,0.1161808
central_african_republic,2000,0.01948887
chad,2000,0.004046802
chile,2000,1.052229
china,2000,0.7318028
colombia,2000,0.393308
comoros,2000,0.04166689
congo,2000,0.09421817
congo_drc,2000,0.008833497
costa_rica,2000,0.3810868
cote_d_ivoire,2000,0.09293186
croatia,2000,1.210098
cuba,2000,0.6311992
cyprus,2000,2.228559
czech_republic,2000,3.293397
denmark,2000,2.366465
djibouti,2000,0.1288446
dominica,2000,0.4113594
dominican_republic,2000,0.6213031
ecuador,2000,0.4729368
egypt,2000,0.6070215
el_salvador,2000,0.2634006
equatorial_guinea,2000,0.1342454
eritrea,2000,0.04538836
estonia,2000,3.186812
fiji,2000,0.2931341
finland,2000,2.719312
france,2000,1.64673
gabon,2000,0.2391743
georgia,2000,0.2607092
germany,2000,2.654506
ghana,2000,0.08653662
greece,2000,2.251444
grenada,2000,0.5533159
guatemala,2000,0.2407685
guinea,2000,0.04162912
guinea_bissau,2000,0.05292373
guyana,2000,0.5699106
haiti,2000,0.04313199
honduras,2000,0.2202254
hungary,2000,1.413739
iceland,2000,2.095452
india,2000,0.3038625
indonesia,2000,0.3722764
iran,2000,1.392078
iraq,2000,0.8062114
ireland,2000,2.965438
israel,2000,2.806949
italy,2000,2.051143
jamaica,2000,1.095975
japan,2000,2.593591
jordan,2000,0.8713551
kazakhstan,2000,2.320624
kenya,2000,0.09036076
kiribati,2000,0.1071135
kuwait,2000,9.02007
kyrgyzstan,2000,0.2557084
laos,2000,0.05348621
latvia,2000,0.6887778
lebanon,2000,1.109938
liberia,2000,0.04142433
libya,2000,2.517594
lithuania,2000,0.9297824
luxembourg,2000,5.140494
madagascar,2000,0.04052277
malawi,2000,0.02332769
malaysia,2000,1.482193
maldives,2000,0.4995445
mali,2000,0.01406451
malta,2000,1.475935
marshall_is,2000,0.4027463
mauritania,2000,0.1244364
mauritius,2000,0.6319033
mexico,2000,1.040976
moldova,2000,0.4389969
mongolia,2000,0.8567732
morocco,2000,0.324174
mozambique,2000,0.01994584
myanmar,2000,0.05136257
namibia,2000,0.2615136
nauru,2000,3.685993
nepal,2000,0.03605963
netherlands,2000,2.391429
new_zealand,2000,2.184219
nicaragua,2000,0.2013365
niger,2000,0.02130351
nigeria,2000,0.1729621
north_korea,2000,0.9182058
norway,2000,2.239538
oman,2000,2.504388
pakistan,2000,0.1959464
palau,2000,1.608134
panama,2000,0.5320589
papua_new_guinea,2000,0.1371665
paraguay,2000,0.1880291
peru,2000,0.3030284
philippines,2000,0.2738212
poland,2000,2.137154
portugal,2000,1.593272
qatar,2000,16.09067
romania,2000,1.062207
russia,2000,2.670297
rwanda,2000,0.01960342
samoa,2000,0.2152292
sao_tome_and_principe,2000,0.1712683
saudi_arabia,2000,3.866884
senegal,2000,0.1086673
seychelles,2000,1.898211
sierra_leone,2000,0.03453024
singapore,2000,3.52733
slovakia,2000,1.792663
slovenia,2000,1.978437
solomon_is,2000,0.1058853
somalia,2000,0.02123287
south_africa,2000,2.240556
south_korea,2000,2.545568
spain,2000,1.906228
sri_lanka,2000,0.1480784
st_lucia,2000,0.610858
st_vincent_and_the_grenadines,2000,0.3894045
suriname,2000,1.241539
swaziland,2000,0.2445146
sweden,2000,1.304717
switzerland,2000,1.483399
syria,2000,0.7805771
tajikistan,2000,0.1765785
tanzania,2000,0.0211829
thailand,2000,0.8816007
the_gambia,2000,0.05684402
togo,2000,0.06822315
tonga,2000,0.3347297
trinidad_and_tobago,2000,5.446684
tunisia,2000,0.5287769
turkey,2000,0.9113058
turkmenistan,2000,2.159393
uganda,2000,0.01702626
ukraine,2000,1.698952
united_arab_emirates,2000,11.43125
united_kingdom,2000,2.529478
united_states,2000,5.353673
uruguay,2000,0.4028931
uzbekistan,2000,1.305679
vanuatu,2000,0.1159585
venezuela,2000,1.582288
vietnam,2000,0.1861479
yemen,2000,0.219451
zambia,2000,0.04738577
zimbabwe,2000,0.3243583
afghanistan,2010,0.008170043
albania,2010,0.2046012
algeria,2010,1.001606
andorra,2010,2.09
angola,2010,0.1353338
antigua_and_barbuda,2010,1.220473
argentina,2010,0.9955523
armenia,2010,0.3148014
australia,2010,4.524414
austria,2010,2.158807
azerbaijan,2010,0.9245166
bahamas,2010,1.585083
bahrain,2010,6.18539
bangladesh,2010,0.06144244
barbados,2010,1.324946
belarus,2010,1.597752
belgium,2010,2.530644
belize,2010,0.7527637
benin,2010,0.068904
bhutan,2010,0.1902183
bolivia,2010,0.236196
bosnia_and_herzegovina,2010,1.754103
botswana,2010,0.6593009
brazil,2010,0.4881378
brunei,2010,76.20052
bulgaria,2010,1.533405
burkina_faso,2010,0.01560721
burundi,2010,0.009388683
cambodia,2010,0.01123558
cameroon,2010,0.05750354
canada,2010,4.450495
cape_verde,2010,0.127553
central_african_republic,2010,0.01911223
chad,2010,0.003789565
chile,2010,0.9645644
china,2010,0.7440979
colombia,2010,0.3752753
comoros,2010,0.03898995
congo,2010,0.118583
congo_drc,2010,0.008166931
costa_rica,2010,0.3863625
cote_d_ivoire,2010,0.08559457
croatia,2010,1.279253
cuba,2010,0.6083502
cyprus,2010,2.204304
czech_republic,2010,3.289619
denmark,2010,2.443351
djibouti,2010,0.1271333
dominica,2010,0.4562245
dominican_republic,2010,0.6151359
ecuador,2010,0.5245458
egypt,2010,0.5358206
el_salvador,2010,0.2715761
equatorial_guinea,2010,0.1285361
eritrea,2010,0.04550343
estonia,2010,3.286621
fiji,2010,0.3802653
finland,2010,2.9535
france,2010,1.708955
gabon,2010,0.2695249
georgia,2010,0.2187427
germany,2010,2.73973
ghana,2010,0.09310377
greece,2010,2.302006
grenada,2010,0.5917276
guatemala,2010,0.2420446
guinea,2010,0.04131085
guinea_bissau,2010,0.05317356
guyana,2010,0.5467692
haiti,2010,0.04930709
honduras,2010,0.245001
hungary,2010,1.483581
iceland,2010,2.02157
india,2010,0.3033523
indonesia,2010,0.4145512
iran,2010,1.446178
iraq,2010,0.9126462
ireland,2010,3.096465
israel,2010,2.887208
italy,2010,2.048168
jamaica,2010,1.119502
japan,2010,2.553383
jordan,2010,0.8492409
kazakhstan,2010,2.691987
kenya,2010,0.07920817
kiribati,2010,0.08181106
kuwait,2010,8.191758
kyrgyzstan,2010,0.2093685
laos,2010,0.05813263
latvia,2010,0.770347
lebanon,2010,1.153409
liberia,2010,0.04260339
libya,2010,2.548138
lithuania,2010,0.9692132
luxembourg,2010,5.288889
madagascar,2010,0.04011567
malawi,2010,0.02255285
malaysia,2010,1.559102
maldives,2010,0.5317417
mali,2010,0.01384936
malta,2010,1.435339
marshall_is,2010,0.4171723
mauritania,2010,0.1299773
mauritius,2010,0.6701658
mexico,2010,1.057969
moldova,2010,0.4818035
mongolia,2010,0.8886148
morocco,2010,0.3553054
mozambique,2010,0.01957724
myanmar,2010,0.04196649
namibia,2010,0.3029281
nauru,2010,3.78373
nepal,2010,0.0376824
netherlands,2010,2.397657
new_zealand,2010,2.240523
nicaragua,2010,0.2076612
niger,2010,0.0221766
nigeria,2010,0.1766523
north_korea,2010,0.9465678
norway,2010,2.397218
oman,2010,2.693025
pakistan,2010,0.1944533
palau,2010,1.483073
panama,2010,0.6351725
papua_new_guinea,2010,0.146284
paraguay,2010,0.191007
peru,2010,0.2820816
philippines,2010,0.2638469
poland,2010,2.149957
portugal,2010,1.544757
qatar,2010,17.91075
romania,2010,1.13503
russia,2010,2.67035
rwanda,2010,0.01913345
samoa,2010,0.2196898
sao_tome_and_principe,2010,0.1753045
saudi_arabia,2010,4.02079
senegal,2010,0.1119557
seychelles,2010,2.141826
sierra_leone,2010,0.0375477
singapore,2010,3.487075
slovakia,2010,1.875794
slovenia,2010,1.989602
solomon_is,2010,0.107768
somalia,2010,0.02120885
south_africa,2010,2.172718
south_korea,2010,2.589165
spain,2010,1.895053
sri_lanka,2010,0.1470158
st_lucia,2010,0.6041954
st_vincent_and_the_grenadines,2010,0.4446297
suriname,2010,1.30429
swaziland,2010,0.2389252
sweden,2010,1.369427
switzerland,2010,1.620399
syria,2010,0.7416559
tajikistan,2010,0.1826107
tanzania,2010,0.02438175
thailand,2010,0.9398605
the_gambia,2010,0.05644238
togo,2010,0.05440533
tonga,2010,0.2926248
trinidad_and_tobago,2010,5.556932
tunisia,2010,0.5696377
turkey,2010,0.8098112
turkmenistan,2010,2.369929
uganda,2010,0.01752862
ukraine,2010,1.71977
united_arab_emirates,2010,9.93393
united_kingdom,2010,2.561574
united_states,2010,5.241738
uruguay,2010,0.3742213
uzbekistan,2010,1.311742
vanuatu,2010,0.1183718
venezuela,2010,1.81962
vietnam,2010,0.206457
yemen,2010,0.2368342
zambia,2010,0.04849094
zimbabwe,2010,0.2953032
