country,year,so2_emissions_per_capita
albania,1850,0.0004315914
algeria,1850,0.0001
angola,1850,0.0001135068
argentina,1850,0.0001736221
armenia,1850,0.0004344264
australia,1850,0.0162535
austria,1850,0.008112777
azerbaijan,1850,0.0003473785
bahrain,1850,0.0002058814
bangladesh,1850,0.0001644004
belarus,1850,0.0004087403
belgium,1850,0.011684
benin,1850,0.0002101202
bolivia,1850,0.0001
bosnia_and_herzegovina,1850,0.0005
botswana,1850,3.496763e-05
brazil,1850,0.0002130626
brunei,1850,0.0002802556
bulgaria,1850,0.0001014254
cambodia,1850,0.0003014927
cameroon,1850,0.0001014951
canada,1850,0.001696401
chile,1850,0.0195052
china,1850,0.0003745588
colombia,1850,0.0001787879
congo,1850,6.998936e-05
congo_drc,1850,5.681387e-05
costa_rica,1850,0.0001
cote_d_ivoire,1850,0.0008109222
croatia,1850,0.0005000003
cuba,1850,0.005657194
cyprus,1850,0.0001346797
czech_republic,1850,0.000617298
denmark,1850,0.00165465
dominican_republic,1850,0.000186359
ecuador,1850,0.0002130626
egypt,1850,8.567398e-05
el_salvador,1850,0.000140657
eritrea,1850,0.0001042762
estonia,1850,0.0004567448
finland,1850,0.0015
france,1850,0.002704892
gabon,1850,6.022013e-05
georgia,1850,0.0005472299
germany,1850,0.003405718
ghana,1850,0.0001429051
greece,1850,0.0008378925
guatemala,1850,0.0001
haiti,1850,0.0001
honduras,1850,0.0001
hungary,1850,0.001343797
iceland,1850,5.396513e-05
india,1850,0.0001509251
indonesia,1850,0.0001947555
iran,1850,0.0001811602
iraq,1850,0.000144087
ireland,1850,0.0003551539
israel,1850,0.0004047405
italy,1850,0.0001898523
jamaica,1850,0.0001
japan,1850,0.0007832913
jordan,1850,0.0003933718
kazakhstan,1850,0.0003800517
kenya,1850,7.730281e-05
kuwait,1850,0.0001099352
kyrgyzstan,1850,0.0003102868
latvia,1850,0.0006411486
lebanon,1850,0.0001484929
libya,1850,0.0001013944
lithuania,1850,0.0006434853
luxembourg,1850,0.0001
macedonia,1850,0.000460514
malaysia,1850,0.000106
malta,1850,0.0001397233
mexico,1850,0.000163396
moldova,1850,0.0002410072
mongolia,1850,0.0003014927
morocco,1850,0.0001346945
mozambique,1850,0.0001719219
myanmar,1850,9.83e-05
namibia,1850,4.468283e-05
nepal,1850,0.0001585559
netherlands,1850,0.007348817
new_zealand,1850,0.0001114202
nicaragua,1850,0.0001
nigeria,1850,7.23691e-05
north_korea,1850,0.001042923
norway,1850,0.002331417
oman,1850,0.0001484929
pakistan,1850,0.0002181514
panama,1850,0.0001
paraguay,1850,8.472514e-05
peru,1850,0.0001
philippines,1850,0.0001476944
poland,1850,0.001606926
portugal,1850,0.000263063
qatar,1850,0.0001484929
romania,1850,0.0001058498
russia,1850,0.001029329
saudi_arabia,1850,0.0001484929
senegal,1850,0.000113798
singapore,1850,0.0001
slovakia,1850,0.0002876678
slovenia,1850,0.0005000007
south_africa,1850,0.004763827
south_korea,1850,0.000275553
spain,1850,0.001527837
sri_lanka,1850,0.0001484929
sweden,1850,0.003558426
switzerland,1850,0.0009026694
syria,1850,0.0002598625
tajikistan,1850,0.0003263785
tanzania,1850,0.0001182093
thailand,1850,0.0002615
togo,1850,0.0001
trinidad_and_tobago,1850,0.0001
tunisia,1850,0.0002108352
turkey,1850,0.0004327116
turkmenistan,1850,0.0003262296
ukraine,1850,0.0004406855
united_arab_emirates,1850,0.0001546964
united_kingdom,1850,0.04123728
united_states,1850,0.01289798
uruguay,1850,0.0002130626
uzbekistan,1850,0.000327888
venezuela,1850,0.003164071
vietnam,1850,0.0001721958
yemen,1850,0.0001484929
zambia,1850,0.0006866237
zimbabwe,1850,0.0001670291
albania,1860,0.0004625459
algeria,1860,0.0001
angola,1860,0.000113316
argentina,1860,0.0001423243
armenia,1860,0.0004175001
australia,1860,0.0202576
austria,1860,0.01623497
azerbaijan,1860,0.0003233506
bahrain,1860,0.0002058814
bangladesh,1860,0.0001662413
belarus,1860,0.0004043323
belgium,1860,0.01736259
benin,1860,0.0002508614
bolivia,1860,0.0001
bosnia_and_herzegovina,1860,0.0005
botswana,1860,3.762623e-05
brazil,1860,0.0002130626
brunei,1860,0.000294799
bulgaria,1860,0.0001014008
cambodia,1860,0.0003014927
cameroon,1860,0.000115232
canada,1860,0.002383473
chile,1860,0.02896196
china,1860,0.0003467619
colombia,1860,0.0001727219
congo,1860,6.916596e-05
congo_drc,1860,6.148516e-05
costa_rica,1860,0.0001
cote_d_ivoire,1860,0.0009616978
croatia,1860,0.0005000244
cuba,1860,0.0001567432
cyprus,1860,0.0001349584
czech_republic,1860,0.001380706
denmark,1860,0.002283074
dominican_republic,1860,0.0002174188
ecuador,1860,0.0002130626
egypt,1860,0.0001
el_salvador,1860,0.0001326469
eritrea,1860,9.989486e-05
estonia,1860,0.0004217167
finland,1860,0.001797801
france,1860,0.00460288
gabon,1860,5.920803e-05
georgia,1860,0.0005128156
germany,1860,0.006919403
ghana,1860,0.0001601454
greece,1860,0.001029028
guatemala,1860,0.0001
haiti,1860,0.0001
honduras,1860,0.0001
hungary,1860,0.003921756
iceland,1860,5.77613e-05
india,1860,0.0001618304
indonesia,1860,0.0001782216
iran,1860,0.0002086063
iraq,1860,0.0001463022
ireland,1860,0.0003906943
israel,1860,0.0004070869
italy,1860,0.0002023779
jamaica,1860,0.0001
japan,1860,0.000776913
jordan,1860,0.0004440459
kazakhstan,1860,0.0003866291
kenya,1860,7.424039e-05
kuwait,1860,0.0001144172
kyrgyzstan,1860,0.0003098001
latvia,1860,0.0006122993
lebanon,1860,0.0001484929
libya,1860,0.0001013711
lithuania,1860,0.0006247336
luxembourg,1860,0.0001
macedonia,1860,0.000447722
malaysia,1860,0.0001023077
malta,1860,0.0001323266
mexico,1860,0.0001650702
moldova,1860,0.0002240905
mongolia,1860,0.0003014927
morocco,1860,0.0001283642
mozambique,1860,0.0001702762
myanmar,1860,9.18764e-05
namibia,1860,4.723817e-05
nepal,1860,0.0001698743
netherlands,1860,0.01033802
new_zealand,1860,0.0001109513
nicaragua,1860,0.0001
nigeria,1860,7.880856e-05
north_korea,1860,0.0009962317
norway,1860,0.003279011
oman,1860,0.0001484929
pakistan,1860,0.0002323787
panama,1860,0.0001
paraguay,1860,9.360984e-05
peru,1860,9.994602e-05
philippines,1860,0.0001470391
poland,1860,0.003059231
portugal,1860,0.0002475851
qatar,1860,0.0001484929
romania,1860,0.0001169611
russia,1860,0.0008880502
saudi_arabia,1860,0.0001484929
senegal,1860,0.000113798
singapore,1860,0.0001
slovakia,1860,0.0004131956
slovenia,1860,0.0005000007
south_africa,1860,0.002543762
south_korea,1860,0.0002772031
spain,1860,0.0029253
sri_lanka,1860,0.0001484929
sweden,1860,0.004152347
switzerland,1860,0.001687248
syria,1860,0.0002598625
tajikistan,1860,0.0003137749
tanzania,1860,0.0001168186
thailand,1860,0.0002392391
togo,1860,0.0001
trinidad_and_tobago,1860,0.0001
tunisia,1860,0.0002139403
turkey,1860,0.0004435501
turkmenistan,1860,0.0003135375
ukraine,1860,0.0005071652
united_arab_emirates,1860,0.0001546964
united_kingdom,1860,0.05074194
united_states,1860,0.02190472
uruguay,1860,0.0002130626
uzbekistan,1860,0.0003212369
venezuela,1860,0.002608285
vietnam,1860,0.0001809652
yemen,1860,0.0001484929
zambia,1860,0.000657774
zimbabwe,1860,0.0001785733
albania,1870,0.0004787319
algeria,1870,0.0001
angola,1870,0.0001192095
argentina,1870,0.0001179217
armenia,1870,0.0004573538
australia,1870,0.01783608
austria,1870,0.02055931
azerbaijan,1870,0.0003398475
bahrain,1870,0.0001975629
bangladesh,1870,0.000173903
belarus,1870,0.0004641429
belgium,1870,0.02739599
benin,1870,0.0002746857
bolivia,1870,0.0001
bosnia_and_herzegovina,1870,0.0005
botswana,1870,4.063213e-05
brazil,1870,0.0002130626
brunei,1870,0.0002973625
bulgaria,1870,0.0001013752
cambodia,1870,0.0003014927
cameroon,1870,0.0001274708
canada,1870,0.003840078
chile,1870,0.0295617
china,1870,0.0003831738
colombia,1870,0.0001786232
congo,1870,6.704863e-05
congo_drc,1870,6.889922e-05
costa_rica,1870,0.0001
cote_d_ivoire,1870,0.0007846949
croatia,1870,0.0005002619
cuba,1870,0.0001637704
cyprus,1870,0.0001237897
czech_republic,1870,0.0176985
denmark,1870,0.004311538
dominican_republic,1870,0.0002070655
ecuador,1870,0.0002130626
egypt,1870,0.0001
el_salvador,1870,0.0001285004
eritrea,1870,9.989486e-05
estonia,1870,0.0004442446
finland,1870,0.002162229
france,1870,0.005995919
gabon,1870,5.920803e-05
georgia,1870,0.0005540838
germany,1870,0.01181442
ghana,1870,0.0001785724
greece,1870,0.001848936
guatemala,1870,0.0001
haiti,1870,0.0001
honduras,1870,0.0001
hungary,1870,0.008674114
iceland,1870,5.77613e-05
india,1870,0.0001664358
indonesia,1870,0.0001722874
iran,1870,0.0002541196
iraq,1870,0.0001474045
ireland,1870,0.000400667
israel,1870,0.0004029749
italy,1870,0.001171698
jamaica,1870,0.0001
japan,1870,0.0007751526
jordan,1870,0.0005553812
kazakhstan,1870,0.0004402438
kenya,1870,7.626367e-05
kuwait,1870,0.0001144172
kyrgyzstan,1870,0.000327794
latvia,1870,0.0006905987
lebanon,1870,0.0001484929
libya,1870,0.0001044215
lithuania,1870,0.0007479147
luxembourg,1870,0.0001
macedonia,1870,0.0004409994
malaysia,1870,0.0001
malta,1870,0.0001270994
mexico,1870,0.0001684428
moldova,1870,0.0002344087
mongolia,1870,0.0003014927
morocco,1870,0.0001243892
mozambique,1870,0.0001843261
myanmar,1870,8.663265e-05
namibia,1870,5.112433e-05
nepal,1870,0.0001936869
netherlands,1870,0.009835386
new_zealand,1870,0.0005691326
nicaragua,1870,0.0001
nigeria,1870,8.600603e-05
north_korea,1870,0.0009793462
norway,1870,0.004544099
oman,1870,0.0001484929
pakistan,1870,0.0002376324
panama,1870,0.0001
paraguay,1870,0.0001076602
peru,1870,9.99045e-05
philippines,1870,0.0001524663
poland,1870,0.005821518
portugal,1870,0.0002553418
qatar,1870,0.0001484929
romania,1870,0.0001377396
russia,1870,0.001121538
saudi_arabia,1870,0.0001484929
senegal,1870,0.000113798
singapore,1870,0.0001
slovakia,1870,0.003045407
slovenia,1870,0.0005000009
south_africa,1870,0.002091171
south_korea,1870,0.0002788954
spain,1870,0.004210788
sri_lanka,1870,0.0001484929
sweden,1870,0.004652146
switzerland,1870,0.003108427
syria,1870,0.0002598625
tajikistan,1870,0.0003469399
tanzania,1870,0.00012124
thailand,1870,0.0002221154
togo,1870,0.000111445
trinidad_and_tobago,1870,0.0001
tunisia,1870,0.0001957463
turkey,1870,0.0005484681
turkmenistan,1870,0.0003466502
ukraine,1870,0.0008484515
united_arab_emirates,1870,0.000148446
united_kingdom,1870,0.06029394
united_states,1870,0.03504404
uruguay,1870,0.0002130626
uzbekistan,1870,0.0003831305
venezuela,1870,0.003414385
vietnam,1870,0.0001934812
yemen,1870,0.0001484929
zambia,1870,0.0006040781
zimbabwe,1870,0.0001907427
albania,1880,0.0004795731
algeria,1880,0.0001000003
angola,1880,0.0001353271
argentina,1880,0.0001001281
armenia,1880,0.0005740152
australia,1880,0.01987866
austria,1880,0.0495163
azerbaijan,1880,0.0004452945
bahrain,1880,0.0001895806
bangladesh,1880,0.000166347
belarus,1880,0.0005667485
belgium,1880,0.03071539
benin,1880,0.0003145874
bolivia,1880,0.0001000654
bosnia_and_herzegovina,1880,0.0005
botswana,1880,4.406294e-05
brazil,1880,0.0002130628
brunei,1880,0.0003121999
bulgaria,1880,0.0001076232
cambodia,1880,0.0003014927
cameroon,1880,0.0001470919
canada,1880,0.01031629
chile,1880,0.03094861
china,1880,0.0003834897
colombia,1880,0.0001769033
congo,1880,6.499613e-05
congo_drc,1880,7.978143e-05
costa_rica,1880,0.0001016027
cote_d_ivoire,1880,0.0006606296
croatia,1880,0.0005009448
cuba,1880,0.0001613426
cyprus,1880,0.0001145129
czech_republic,1880,0.06768066
denmark,1880,0.006293277
dominican_republic,1880,0.0001972053
ecuador,1880,0.0002131051
egypt,1880,0.0001000015
el_salvador,1880,0.0001183361
eritrea,1880,9.989486e-05
estonia,1880,0.0005920089
finland,1880,0.002145257
france,1880,0.008830249
gabon,1880,6.242043e-05
georgia,1880,0.0006959128
germany,1880,0.01764511
ghana,1880,0.0002071447
greece,1880,0.00134059
guatemala,1880,0.0001
haiti,1880,0.0001118156
honduras,1880,0.0001
hungary,1880,0.01280293
iceland,1880,5.77613e-05
india,1880,0.0001850975
indonesia,1880,0.0001742077
iran,1880,0.0002598625
iraq,1880,0.000148089
ireland,1880,0.0004010758
israel,1880,0.0003989045
italy,1880,0.001970117
jamaica,1880,0.0001
japan,1880,0.00145471
jordan,1880,0.0005196364
kazakhstan,1880,0.0005206498
kenya,1880,8.051469e-05
kuwait,1880,0.0001144172
kyrgyzstan,1880,0.0003438763
latvia,1880,0.001000952
lebanon,1880,0.0001484929
libya,1880,0.0001137205
lithuania,1880,0.001266508
luxembourg,1880,0.0001
macedonia,1880,0.0004343783
malaysia,1880,0.0001535057
malta,1880,0.0001228244
mexico,1880,0.000168918
moldova,1880,0.0003056159
mongolia,1880,0.0003014927
morocco,1880,0.0001248192
mozambique,1880,0.0001988945
myanmar,1880,0.0001096731
namibia,1880,7.111653e-05
nepal,1880,0.0002047646
netherlands,1880,0.01412939
new_zealand,1880,0.01420377
nicaragua,1880,0.0001
nigeria,1880,9.60644e-05
north_korea,1880,0.001039875
norway,1880,0.007139502
oman,1880,0.0001484929
pakistan,1880,0.0002430257
panama,1880,0.0001
paraguay,1880,0.000114538
peru,1880,9.992891e-05
philippines,1880,0.0001604508
poland,1880,0.007722883
portugal,1880,0.0007296522
qatar,1880,0.0001484929
romania,1880,0.0001516679
russia,1880,0.001529964
saudi_arabia,1880,0.0001484929
senegal,1880,0.0001264272
singapore,1880,0.0001
slovakia,1880,0.01110061
slovenia,1880,0.0005000047
south_africa,1880,0.004748888
south_korea,1880,0.0002704292
spain,1880,0.008172498
sri_lanka,1880,0.0001457132
sweden,1880,0.005979841
switzerland,1880,0.00472376
syria,1880,0.0002598625
tajikistan,1880,0.0003956947
tanzania,1880,0.000133228
thailand,1880,0.000214569
togo,1880,0.0001375061
trinidad_and_tobago,1880,0.0001065568
tunisia,1880,0.0001866091
turkey,1880,0.0005301815
turkmenistan,1880,0.000443677
ukraine,1880,0.001707188
united_arab_emirates,1880,0.0001424482
united_kingdom,1880,0.06866317
united_states,1880,0.05247785
uruguay,1880,0.0002130626
uzbekistan,1880,0.0005076677
venezuela,1880,0.0002163332
vietnam,1880,0.0001837005
yemen,1880,0.0001491378
zambia,1880,0.0005547656
zimbabwe,1880,0.0002035501
albania,1890,0.0004507905
algeria,1890,0.0001000018
angola,1890,0.0001538435
argentina,1890,0.002504436
armenia,1890,0.0009520488
australia,1890,0.01456363
austria,1890,0.04385663
azerbaijan,1890,0.0008892168
bahrain,1890,0.0001819208
bangladesh,1890,0.0001628828
belarus,1890,0.0006122254
belgium,1890,0.03667813
benin,1890,0.0003422751
bolivia,1890,0.0005444687
bosnia_and_herzegovina,1890,0.0005
botswana,1890,4.803357e-05
brazil,1890,0.0002130639
brunei,1890,0.0003807662
bulgaria,1890,0.0007961581
cambodia,1890,0.0003014927
cameroon,1890,0.0001636903
canada,1890,0.02194038
chile,1890,0.02147582
china,1890,0.0003777933
colombia,1890,0.0001842746
congo,1890,7.151256e-05
congo_drc,1890,8.942355e-05
costa_rica,1890,0.000121603
cote_d_ivoire,1890,0.0005478551
croatia,1890,0.0005025929
cuba,1890,0.0001569399
cyprus,1890,0.000647078
czech_republic,1890,0.1111644
denmark,1890,0.009085333
dominican_republic,1890,0.0001943811
ecuador,1890,0.0002136816
egypt,1890,0.0001000064
el_salvador,1890,0.0001124825
eritrea,1890,9.989486e-05
estonia,1890,0.001199764
finland,1890,0.005522178
france,1890,0.0106157
gabon,1890,7.137513e-05
georgia,1890,0.001117916
germany,1890,0.02573245
ghana,1890,0.0002336251
greece,1890,0.00241747
guatemala,1890,0.0001
haiti,1890,0.0001223659
honduras,1890,0.0001
hungary,1890,0.02108867
iceland,1890,0.0001105081
india,1890,0.0002283729
indonesia,1890,0.0001861052
iran,1890,0.0002598625
iraq,1890,0.000148443
ireland,1890,0.0003917385
israel,1890,0.0003948751
italy,1890,0.00511327
jamaica,1890,0.0001
japan,1890,0.002964379
jordan,1890,0.000463392
kazakhstan,1890,0.000922168
kenya,1890,8.430726e-05
kuwait,1890,0.0001144172
kyrgyzstan,1890,0.0004172123
latvia,1890,0.001619406
lebanon,1890,0.0001484929
libya,1890,0.0001166623
lithuania,1890,0.002357433
luxembourg,1890,0.0001
macedonia,1890,0.0004282286
malaysia,1890,0.0001441297
malta,1890,0.0001193168
mexico,1890,0.001397345
moldova,1890,0.0006028989
mongolia,1890,0.0003014927
morocco,1890,0.0001248802
mozambique,1890,0.0002127796
myanmar,1890,0.0001291388
namibia,1890,7.576585e-05
nepal,1890,0.0002381253
netherlands,1890,0.01585079
new_zealand,1890,0.02191302
nicaragua,1890,0.0001
nigeria,1890,0.0001064577
north_korea,1890,0.001101159
norway,1890,0.01204774
oman,1890,0.0001484929
pakistan,1890,0.0002486209
panama,1890,0.0001
paraguay,1890,0.00013041
peru,1890,0.0009532281
philippines,1890,0.0001700319
poland,1890,0.01054121
portugal,1890,0.002088097
qatar,1890,0.0001484929
romania,1890,0.00267499
russia,1890,0.001966677
saudi_arabia,1890,0.0001484929
senegal,1890,0.0001422599
singapore,1890,0.0001
slovakia,1890,0.01814735
slovenia,1890,0.0005023595
south_africa,1890,0.006877383
south_korea,1890,0.0002746172
spain,1890,0.01258541
sri_lanka,1890,0.0001484929
sweden,1890,0.009332898
switzerland,1890,0.007963668
syria,1890,0.0002598625
tajikistan,1890,0.0004665711
tanzania,1890,0.0001465918
thailand,1890,0.0002084375
togo,1890,0.0001650962
trinidad_and_tobago,1890,0.0001839268
tunisia,1890,0.0001761434
turkey,1890,0.001693296
turkmenistan,1890,0.0007556523
ukraine,1890,0.002451413
united_arab_emirates,1890,0.0001366927
united_kingdom,1890,0.07550337
united_states,1890,0.08445043
uruguay,1890,0.0002130626
uzbekistan,1890,0.0006533756
venezuela,1890,0.0002591336
vietnam,1890,0.0001829458
yemen,1890,0.0001487344
zambia,1890,0.0005094787
zimbabwe,1890,0.000217006
albania,1900,0.0004700823
algeria,1900,0.0001000394
angola,1900,0.0001699246
argentina,1900,0.002690867
armenia,1900,0.001821824
australia,1900,0.03233683
austria,1900,0.06499112
azerbaijan,1900,0.001821605
bahrain,1900,0.0001745704
bangladesh,1900,0.0001561168
belarus,1900,0.000912018
belgium,1900,0.04237793
benin,1900,0.0003422751
bolivia,1900,0.001117745
bosnia_and_herzegovina,1900,0.0005
botswana,1900,5.272397e-05
brazil,1900,0.0002130898
brunei,1900,0.001947033
bulgaria,1900,0.001633791
cambodia,1900,0.0003014927
cameroon,1900,0.0001821287
canada,1900,0.03610044
chile,1900,0.01660673
china,1900,0.0003696221
colombia,1900,0.0002087418
congo,1900,8.198414e-05
congo_drc,1900,9.993565e-05
costa_rica,1900,0.0001397114
cote_d_ivoire,1900,0.000444339
croatia,1900,0.0005095676
cuba,1900,0.0001549691
cyprus,1900,0.001160592
czech_republic,1900,0.1369735
denmark,1900,0.01440538
dominican_republic,1900,0.0001917702
ecuador,1900,0.0002148916
egypt,1900,0.0001001243
el_salvador,1900,0.0001178653
eritrea,1900,9.989486e-05
estonia,1900,0.002493464
finland,1900,0.009806194
france,1900,0.01383888
gabon,1900,8.027009e-05
georgia,1900,0.002105017
germany,1900,0.03603962
ghana,1900,0.0002530996
greece,1900,0.004081078
guatemala,1900,0.0001
haiti,1900,0.0001425072
honduras,1900,0.0001078109
hungary,1900,0.03806579
iceland,1900,0.0002161241
india,1900,0.0003589484
indonesia,1900,0.0003408953
iran,1900,0.0002598625
iraq,1900,0.0001485384
ireland,1900,0.0003607356
israel,1900,0.0003908865
italy,1900,0.005942763
jamaica,1900,0.0001
japan,1900,0.005823914
jordan,1900,0.0003714565
kazakhstan,1900,0.001690567
kenya,1900,8.691292e-05
kuwait,1900,0.0001144172
kyrgyzstan,1900,0.0005804163
latvia,1900,0.003167574
lebanon,1900,0.0001484929
libya,1900,0.0001101673
lithuania,1900,0.004947331
luxembourg,1900,0.0001
macedonia,1900,0.0004410947
malaysia,1900,0.0002008249
malta,1900,0.0001164386
mexico,1900,0.00380645
moldova,1900,0.001232036
mongolia,1900,0.0003014927
morocco,1900,0.0001248349
mozambique,1900,0.0002305352
myanmar,1900,0.0001628034
namibia,1900,7.887862e-05
nepal,1900,0.0002598625
netherlands,1900,0.01979302
new_zealand,1900,0.02972765
nicaragua,1900,0.0001140448
nigeria,1900,0.0001161308
north_korea,1900,0.001158168
norway,1900,0.02040806
oman,1900,0.0001484929
pakistan,1900,0.0002569479
panama,1900,0.0001
paraguay,1900,0.0001549594
peru,1900,0.00187348
philippines,1900,0.0001779352
poland,1900,0.01455874
portugal,1900,0.002629415
qatar,1900,0.0001484929
romania,1900,0.002565831
russia,1900,0.003882732
saudi_arabia,1900,0.0001484929
senegal,1900,0.0001585951
singapore,1900,0.0001
slovakia,1900,0.02233831
slovenia,1900,0.0006261199
south_africa,1900,0.007148113
south_korea,1900,0.0002788624
spain,1900,0.01731243
sri_lanka,1900,0.0001484929
sweden,1900,0.01580119
switzerland,1900,0.0121998
syria,1900,0.0002598625
tajikistan,1900,0.0006880392
tanzania,1900,0.000159882
thailand,1900,0.0002091429
togo,1900,0.0002026427
trinidad_and_tobago,1900,0.0003182096
tunisia,1900,0.000164669
turkey,1900,0.003226489
turkmenistan,1900,0.001467855
ukraine,1900,0.005290214
united_arab_emirates,1900,0.0001311698
united_kingdom,1900,0.08196504
united_states,1900,0.1200024
uruguay,1900,0.0001975187
uzbekistan,1900,0.001142032
venezuela,1900,0.0003594211
vietnam,1900,0.0003692147
yemen,1900,0.0001485241
zambia,1900,0.0004678886
zimbabwe,1900,0.000231119
albania,1910,0.000450108
algeria,1910,0.0001862447
angola,1910,0.0001784911
argentina,1910,0.007980355
armenia,1910,0.001610334
australia,1910,0.04729636
austria,1910,0.0949821
azerbaijan,1910,0.001532325
bahrain,1910,0.0001395976
bangladesh,1910,0.0001409463
belarus,1910,0.001000657
belgium,1910,0.04777061
benin,1910,0.0003108277
bolivia,1910,0.002774872
bosnia_and_herzegovina,1910,0.0004207926
botswana,1910,6.046343e-05
brazil,1910,0.002073089
brunei,1910,0.007501856
bulgaria,1910,0.002668938
cambodia,1910,0.000335148
cameroon,1910,0.0001967085
canada,1910,0.08613551
chile,1910,0.02973327
china,1910,0.0008443431
colombia,1910,0.0001993618
congo,1910,0.0003144071
congo_drc,1910,0.0001004761
costa_rica,1910,0.0001490374
cote_d_ivoire,1910,0.0003145218
croatia,1910,0.0004791134
cuba,1910,0.003654112
cyprus,1910,0.001875058
czech_republic,1910,0.1551447
denmark,1910,0.01842376
dominican_republic,1910,0.0001781823
ecuador,1910,0.0002016181
egypt,1910,8.580151e-05
el_salvador,1910,0.0001335588
eritrea,1910,0.0001029617
estonia,1910,0.002028744
finland,1910,0.01765257
france,1910,0.0178383
gabon,1910,0.0001148056
georgia,1910,0.001819289
germany,1910,0.04322677
ghana,1910,0.0002324726
greece,1910,0.004994658
guatemala,1910,0.0001177044
haiti,1910,0.0001461169
honduras,1910,0.0001299785
hungary,1910,0.04657755
iceland,1910,0.0006356272
india,1910,0.0006110987
indonesia,1910,0.0005495504
iran,1910,0.0002182015
iraq,1910,0.0001240359
ireland,1910,0.0003042516
israel,1910,0.0003545704
italy,1910,0.008272601
jamaica,1910,0.0001614832
japan,1910,0.01058461
jordan,1910,0.0002482428
kazakhstan,1910,0.00145475
kenya,1910,8.636518e-05
kuwait,1910,9.534764e-05
kyrgyzstan,1910,0.0004933176
latvia,1910,0.002762588
lebanon,1910,0.0001290314
libya,1910,9.69181e-05
lithuania,1910,0.004233903
luxembourg,1910,8.755842e-05
macedonia,1910,0.0004035732
malaysia,1910,0.0001770323
malta,1910,0.0002408051
mexico,1910,0.01440501
moldova,1910,0.001006482
mongolia,1910,0.0002588222
morocco,1910,0.000104899
mozambique,1910,0.0002302354
myanmar,1910,0.000164417
namibia,1910,7.766281e-05
nepal,1910,0.0002491604
netherlands,1910,0.02462179
new_zealand,1910,0.04902836
nicaragua,1910,0.000127066
nigeria,1910,0.0001290366
north_korea,1910,0.001070055
norway,1910,0.03608404
oman,1910,0.0001237441
pakistan,1910,0.0002563013
panama,1910,0.0001087506
paraguay,1910,0.000163403
peru,1910,0.01249484
philippines,1910,0.0002129664
poland,1910,0.01960579
portugal,1910,0.004113809
qatar,1910,0.0002725101
romania,1910,0.004520525
russia,1910,0.00437407
saudi_arabia,1910,0.0001237711
senegal,1910,0.0001406396
singapore,1910,8.333333e-05
slovakia,1910,0.02525458
slovenia,1910,0.0007481705
south_africa,1910,0.03069487
south_korea,1910,0.0002857413
spain,1910,0.01862903
sri_lanka,1910,0.000157849
sweden,1910,0.02332685
switzerland,1910,0.01475767
syria,1910,0.0002165767
tajikistan,1910,0.0006803859
tanzania,1910,0.0001613067
thailand,1910,0.0001801008
togo,1910,0.0001874169
trinidad_and_tobago,1910,0.0006440976
tunisia,1910,0.0001431719
turkey,1910,0.005510729
turkmenistan,1910,0.001370422
ukraine,1910,0.005942785
united_arab_emirates,1910,0.0001070075
united_kingdom,1910,0.08605854
united_states,1910,0.17249
uruguay,1910,0.0001795813
uzbekistan,1910,0.001265191
venezuela,1910,0.0005955012
vietnam,1910,0.0006038137
yemen,1910,0.0001243482
zambia,1910,0.0004065196
zimbabwe,1910,0.002646897
albania,1920,0.0004170011
algeria,1920,0.000239619
angola,1920,0.0001813019
argentina,1920,0.003796131
armenia,1920,0.0008322484
australia,1920,0.03110047
austria,1920,0.01959135
azerbaijan,1920,0.0008393638
bahrain,1920,0.0001083626
bangladesh,1920,0.0001257759
belarus,1920,0.0004693687
belgium,1920,0.04025432
benin,1920,0.0002793803
bolivia,1920,0.007327354
bosnia_and_herzegovina,1920,0.0003415853
botswana,1920,7.022218e-05
brazil,1920,0.001612819
brunei,1920,0.01214063
bulgaria,1920,0.003569261
cambodia,1920,0.0003688033
cameroon,1920,0.0002112882
canada,1920,0.1194164
chile,1920,0.05818959
china,1920,0.0009711711
colombia,1920,0.0001822372
congo,1920,0.0006262474
congo_drc,1920,0.0001187888
costa_rica,1920,0.0001583634
cote_d_ivoire,1920,0.0002609457
croatia,1920,0.0003925177
cuba,1920,0.005051956
cyprus,1920,0.0004456061
czech_republic,1920,0.121788
denmark,1920,0.01520527
dominican_republic,1920,0.0001722593
ecuador,1920,0.0002604178
egypt,1920,0.0005114524
el_salvador,1920,0.0001492523
eritrea,1920,0.0001060286
estonia,1920,0.001065687
finland,1920,0.008070451
france,1920,0.02554398
gabon,1920,0.0001702489
georgia,1920,0.0008839107
germany,1920,0.04403757
ghana,1920,0.0002118456
greece,1920,0.003250515
guatemala,1920,0.0001354089
haiti,1920,0.0001497265
honduras,1920,0.0001521461
hungary,1920,0.02505399
iceland,1920,0.0010075
india,1920,0.0008332536
indonesia,1920,0.0006732988
iran,1920,0.0006359218
iraq,1920,0.0001322364
ireland,1920,0.0003704564
israel,1920,0.00029148
italy,1920,0.005089483
jamaica,1920,0.0002229664
japan,1920,0.01932029
jordan,1920,0.0001734317
kazakhstan,1920,0.0007020735
kenya,1920,9.90954e-05
kuwait,1920,0.000747579
kyrgyzstan,1920,0.000334506
latvia,1920,0.001297565
lebanon,1920,0.0001095613
libya,1920,8.366891e-05
lithuania,1920,0.00189753
luxembourg,1920,7.511683e-05
macedonia,1920,0.0006249411
malaysia,1920,0.0002669145
malta,1920,0.0003535759
mexico,1920,0.01769
moldova,1920,0.0005513632
mongolia,1920,0.0002161519
morocco,1920,8.497544e-05
mozambique,1920,0.0002299355
myanmar,1920,0.0006336154
namibia,1920,7.569969e-05
nepal,1920,0.0002536232
netherlands,1920,0.02075406
new_zealand,1920,0.03414003
nicaragua,1920,0.0001400871
nigeria,1920,0.0002819375
north_korea,1920,0.001021346
norway,1920,0.02723502
oman,1920,9.899524e-05
pakistan,1920,0.0002462919
panama,1920,0.0001175013
paraguay,1920,0.000180887
peru,1920,0.01351016
philippines,1920,0.0002297467
poland,1920,0.017653
portugal,1920,0.0028206
qatar,1920,0.001815493
romania,1920,0.005798938
russia,1920,0.00147191
saudi_arabia,1920,0.0001830075
senegal,1920,0.000122684
singapore,1920,6.666667e-05
slovakia,1920,0.02158569
slovenia,1920,0.002327782
south_africa,1920,0.03964043
south_korea,1920,0.0003885165
spain,1920,0.01602054
sri_lanka,1920,0.0001672052
sweden,1920,0.02140638
switzerland,1920,0.01293288
syria,1920,0.0001732908
tajikistan,1920,0.0004203978
tanzania,1920,0.0001676259
thailand,1920,0.0001602017
togo,1920,0.0001721911
trinidad_and_tobago,1920,0.0007186949
tunisia,1920,0.0004159107
turkey,1920,0.001841382
turkmenistan,1920,0.0007116417
ukraine,1920,0.002269756
united_arab_emirates,1920,9.186366e-05
united_kingdom,1920,0.08815601
united_states,1920,0.1827885
uruguay,1920,0.0001616438
uzbekistan,1920,0.000603982
venezuela,1920,0.000554589
vietnam,1920,0.0006966778
yemen,1920,9.935595e-05
zambia,1920,0.0003680119
zimbabwe,1920,0.007201026
albania,1930,0.0005059691
algeria,1930,0.0003781698
angola,1930,0.0001837708
argentina,1930,0.006287614
armenia,1930,0.00194104
australia,1930,0.04299873
austria,1930,0.02288322
azerbaijan,1930,0.002440023
bahrain,1930,7.88592e-05
bangladesh,1930,0.0001088721
belarus,1930,0.001241502
belgium,1930,0.09620078
benin,1930,0.0002479328
bolivia,1930,0.0001054594
bosnia_and_herzegovina,1930,0.0002801644
botswana,1930,8.311866e-05
brazil,1930,0.00200098
brunei,1930,0.02294159
bulgaria,1930,0.007377261
cambodia,1930,0.0004024586
cameroon,1930,0.000225868
canada,1930,0.1688703
chile,1930,0.1100923
china,1930,0.001188006
colombia,1930,0.0007159438
congo,1930,0.001019241
congo_drc,1930,0.009394891
costa_rica,1930,0.0001676894
cote_d_ivoire,1930,0.0002128381
croatia,1930,0.0006123713
cuba,1930,0.00018568
cyprus,1930,0.00116583
czech_republic,1930,0.1239401
denmark,1930,0.02612062
dominican_republic,1930,0.0001667462
ecuador,1930,0.002122791
egypt,1930,0.000815539
el_salvador,1930,0.0001649458
eritrea,1930,0.0001090955
estonia,1930,0.002918848
finland,1930,0.02931629
france,1930,0.03596107
gabon,1930,0.000238966
georgia,1930,0.002065272
germany,1930,0.05059748
ghana,1930,0.0001912185
greece,1930,0.006968152
guatemala,1930,0.0001531133
haiti,1930,0.0001533362
honduras,1930,0.0001743138
hungary,1930,0.03688317
iceland,1930,0.001824444
india,1930,0.0009659392
indonesia,1930,0.0008748691
iran,1930,0.0008875457
iraq,1930,0.001549764
ireland,1930,0.02339509
israel,1930,0.0002383623
italy,1930,0.00978442
jamaica,1930,0.0002844496
japan,1930,0.02089419
jordan,1930,0.0001302163
kazakhstan,1930,0.01077949
kenya,1930,0.0001136372
kuwait,1930,0.002356311
kyrgyzstan,1930,0.0005675163
latvia,1930,0.003843819
lebanon,1930,9.010142e-05
libya,1930,7.041972e-05
lithuania,1930,0.005947793
luxembourg,1930,6.267525e-05
macedonia,1930,0.004715487
malaysia,1930,0.0001685006
malta,1930,0.0004580147
mexico,1930,0.01999877
moldova,1930,0.001464225
mongolia,1930,0.0001734816
morocco,1930,6.787641e-05
mozambique,1930,0.0002804705
myanmar,1930,0.003862965
namibia,1930,7.271561e-05
nepal,1930,0.0002423562
netherlands,1930,0.04038125
new_zealand,1930,0.03981335
nicaragua,1930,0.0001531083
nigeria,1930,0.0004262247
north_korea,1930,0.001164854
norway,1930,0.0490026
oman,1930,7.424643e-05
pakistan,1930,0.0002447437
panama,1930,0.0001262519
paraguay,1930,0.0002057875
peru,1930,0.01818937
philippines,1930,0.0001549127
poland,1930,0.0287797
portugal,1930,0.004944925
qatar,1930,0.005092877
romania,1930,0.009440146
russia,1930,0.005676844
saudi_arabia,1930,0.000351418
senegal,1930,0.0001047284
singapore,1930,5e-05
slovakia,1930,0.02924069
slovenia,1930,0.006711531
south_africa,1930,0.02955138
south_korea,1930,0.0006286572
spain,1930,0.01458744
sri_lanka,1930,0.0001773794
sweden,1930,0.04311757
switzerland,1930,0.01622381
syria,1930,0.0001300049
tajikistan,1930,0.0008842877
tanzania,1930,0.000173945
thailand,1930,0.0001403025
togo,1930,0.0001569653
trinidad_and_tobago,1930,0.00214163
tunisia,1930,0.002192805
turkey,1930,0.00446475
turkmenistan,1930,0.002058019
ukraine,1930,0.008335477
united_arab_emirates,1930,7.52516e-05
united_kingdom,1930,0.08715502
united_states,1930,0.1576553
uruguay,1930,0.0001437063
uzbekistan,1930,0.003869129
venezuela,1930,0.002016417
vietnam,1930,0.001521013
yemen,1930,7.529206e-05
zambia,1930,0.02155182
zimbabwe,1930,0.01143516
albania,1940,0.003474877
algeria,1940,0.0001927538
angola,1940,0.0001859161
argentina,1940,0.005769713
armenia,1940,0.003761771
australia,1940,0.0556509
austria,1940,0.01218574
azerbaijan,1940,0.004764514
bahrain,1940,0.002029972
bangladesh,1940,9.267903e-05
belarus,1940,0.004159069
belgium,1940,0.05868087
benin,1940,0.0002164854
bolivia,1940,0.0003693982
bosnia_and_herzegovina,1940,0.0001860297
botswana,1940,0.0001011292
brazil,1940,0.002572852
brunei,1940,0.4250609
bulgaria,1940,0.01027639
cambodia,1940,0.0004361139
cameroon,1940,0.0002404477
canada,1940,0.2681358
chile,1940,0.1497027
china,1940,0.002091231
colombia,1940,0.002316531
congo,1940,0.001509997
congo_drc,1940,0.01000912
costa_rica,1940,0.0001770153
cote_d_ivoire,1940,0.0001697245
croatia,1940,0.0004693816
cuba,1940,0.0001959157
cyprus,1940,0.001337157
czech_republic,1940,0.1820491
denmark,1940,0.01956575
dominican_republic,1940,0.0001593149
ecuador,1940,0.00200374
egypt,1940,0.002201245
el_salvador,1940,0.0001806393
eritrea,1940,0.0001121623
estonia,1940,0.005012516
finland,1940,0.02921206
france,1940,0.02132899
gabon,1940,0.0003235871
georgia,1940,0.004234385
germany,1940,0.06856033
ghana,1940,0.0001705915
greece,1940,0.002505635
guatemala,1940,0.0001708177
haiti,1940,0.0001569459
honduras,1940,0.0001964814
hungary,1940,0.05292483
iceland,1940,0.01016195
india,1940,0.001022212
indonesia,1940,0.0009630813
iran,1940,0.002005789
iraq,1940,0.01989692
ireland,1940,0.02776817
israel,1940,0.00019348
italy,1940,0.01050691
jamaica,1940,0.0003459328
japan,1940,0.02243802
jordan,1940,8.700091e-05
kazakhstan,1940,0.04114066
kenya,1940,0.0001302421
kuwait,1940,0.004453131
kyrgyzstan,1940,0.0008976728
latvia,1940,0.009145051
lebanon,1940,0.0006835165
libya,1940,6.829952e-05
lithuania,1940,0.01411285
luxembourg,1940,5.023366e-05
macedonia,1940,0.005309814
malaysia,1940,0.0002123694
malta,1940,0.0005571379
mexico,1940,0.0205327
moldova,1940,0.002629977
mongolia,1940,0.0001308112
morocco,1940,0.0006589819
mozambique,1940,0.0002948711
myanmar,1940,0.003681119
namibia,1940,6.83444e-05
nepal,1940,0.0002310169
netherlands,1940,0.02874766
new_zealand,1940,0.03411978
nicaragua,1940,0.0001661294
nigeria,1940,0.0004486823
north_korea,1940,0.00325177
norway,1940,0.03827947
oman,1940,4.949762e-05
pakistan,1940,0.0002417065
panama,1940,0.0001350025
paraguay,1940,0.00024253
peru,1940,0.01350634
philippines,1940,0.000176399
poland,1940,0.04479298
portugal,1940,0.004118209
qatar,1940,0.008884069
romania,1940,0.0163489
russia,1940,0.01681025
saudi_arabia,1940,0.004443515
senegal,1940,8.677289e-05
singapore,1940,3.333333e-05
slovakia,1940,0.03531846
slovenia,1940,0.003842137
south_africa,1940,0.03857882
south_korea,1940,0.002862594
spain,1940,0.01065441
sri_lanka,1940,0.000186996
sweden,1940,0.03924943
switzerland,1940,0.01406528
syria,1940,8.671908e-05
tajikistan,1940,0.002361
tanzania,1940,0.0001802641
thailand,1940,0.0001204034
togo,1940,0.0001417395
trinidad_and_tobago,1940,0.008428524
tunisia,1940,0.002398963
turkey,1940,0.007280796
turkmenistan,1940,0.00470371
ukraine,1940,0.02752429
united_arab_emirates,1940,5.70744e-05
united_kingdom,1940,0.09293035
united_states,1940,0.1387697
uruguay,1940,0.0001295823
uzbekistan,1940,0.01687836
venezuela,1940,0.009202779
vietnam,1940,0.001998374
yemen,1940,5.154636e-05
zambia,1940,0.3092394
zimbabwe,1940,0.01403509
albania,1950,0.002740982
algeria,1950,0.001644545
angola,1950,0.0002520952
argentina,1950,0.00515752
armenia,1950,0.003779317
australia,1950,0.05085733
austria,1950,0.02968287
azerbaijan,1950,0.004443846
bahrain,1950,0.01407987
bangladesh,1950,7.720139e-05
belarus,1950,0.01206666
belgium,1950,0.06921691
benin,1950,0.000185038
bolivia,1950,0.0009248998
bosnia_and_herzegovina,1950,0.00026516
botswana,1950,0.000127732
brazil,1950,0.003921998
brunei,1950,0.0655447
bulgaria,1950,0.02334097
cambodia,1950,0.0004697692
cameroon,1950,0.0003477532
canada,1950,0.2400676
chile,1950,0.1334778
china,1950,0.001992684
colombia,1950,0.003212495
congo,1950,0.002118189
congo_drc,1950,0.01763405
costa_rica,1950,0.002852874
cote_d_ivoire,1950,0.0001311688
croatia,1950,0.0007896332
cuba,1950,0.009287642
cyprus,1950,0.009864438
czech_republic,1950,0.113667
denmark,1950,0.04240183
dominican_republic,1950,0.001498692
ecuador,1950,0.001968049
egypt,1950,0.005056793
el_salvador,1950,0.001392681
eritrea,1950,0.0001152292
estonia,1950,0.00408365
finland,1950,0.07820998
france,1950,0.03763592
gabon,1950,0.0004272184
georgia,1950,0.00455231
germany,1950,0.05955093
ghana,1950,0.0007048499
greece,1950,0.006406635
guatemala,1950,0.00250397
haiti,1950,0.0005628912
honduras,1950,0.001882368
hungary,1950,0.09393165
iceland,1950,0.01727007
india,1950,0.001141956
indonesia,1950,0.0005474879
iran,1950,0.01054032
iraq,1950,0.003478503
ireland,1950,0.02529445
israel,1950,0.008677972
italy,1950,0.01119988
jamaica,1950,0.0004207437
japan,1950,0.01326965
jordan,1950,0.002609427
kazakhstan,1950,0.06413106
kenya,1950,0.001176157
kuwait,1950,0.2624491
kyrgyzstan,1950,0.0007439773
latvia,1950,0.0113367
lebanon,1950,0.005448335
libya,1950,0.0002910202
lithuania,1950,0.01697086
luxembourg,1950,0.002154323
macedonia,1950,0.02012763
malaysia,1950,0.0009572394
malta,1950,0.02097011
mexico,1950,0.02372462
moldova,1950,0.003810214
mongolia,1950,9.149513e-05
morocco,1950,0.004289057
mozambique,1950,0.0005833642
myanmar,1950,0.0003048175
namibia,1950,6.209894e-05
nepal,1950,0.0002524729
netherlands,1950,0.03789942
new_zealand,1950,0.03567153
nicaragua,1950,0.001604453
nigeria,1950,0.000684335
north_korea,1950,0.001411628
norway,1950,0.05374618
oman,1950,2.474881e-05
pakistan,1950,0.001279861
panama,1950,0.0001528871
paraguay,1950,0.0006242593
peru,1950,0.01276064
philippines,1950,0.001633467
poland,1950,0.0420596
portugal,1950,0.005540275
qatar,1950,0.1013805
romania,1950,0.01410633
russia,1950,0.02497627
saudi_arabia,1950,0.01822557
senegal,1950,6.881734e-05
singapore,1950,1.666667e-05
slovakia,1950,0.04273318
slovenia,1950,0.02124683
south_africa,1950,0.04298735
south_korea,1950,0.001112117
spain,1950,0.01623187
sri_lanka,1950,0.001098561
sweden,1950,0.06102898
switzerland,1950,0.01950013
syria,1950,0.0008652961
tajikistan,1950,0.003655568
tanzania,1950,0.0003764995
thailand,1950,0.0003591721
togo,1950,0.0002260348
trinidad_and_tobago,1950,0.008943243
tunisia,1950,0.004338011
turkey,1950,0.006918375
turkmenistan,1950,0.005526054
ukraine,1950,0.04309457
united_arab_emirates,1950,0.0003132933
united_kingdom,1950,0.09172861
united_states,1950,0.1344318
uruguay,1950,0.009403869
uzbekistan,1950,0.02336527
venezuela,1950,0.0132036
vietnam,1950,0.0004932283
yemen,1950,5.329217e-05
zambia,1950,0.2379935
zimbabwe,1950,0.02277884
albania,1960,0.01294208
algeria,1960,0.003161866
angola,1960,0.001042454
argentina,1960,0.005952138
armenia,1960,0.009124839
australia,1960,0.08209223
austria,1960,0.04749726
azerbaijan,1960,0.01276414
bahrain,1960,0.007118012
bangladesh,1960,7.737388e-05
belarus,1960,0.02695328
belgium,1960,0.07975029
benin,1960,0.0004781759
bolivia,1960,0.00198916
bosnia_and_herzegovina,1960,0.02584361
botswana,1960,0.000132003
brazil,1960,0.005959377
brunei,1960,0.05278943
bulgaria,1960,0.06866147
cambodia,1960,0.0005034246
cameroon,1960,0.0005801105
canada,1960,0.2350558
chile,1960,0.1550362
china,1960,0.01301452
colombia,1960,0.005362684
congo,1960,0.008863559
congo_drc,1960,0.01930236
costa_rica,1960,0.003538951
cote_d_ivoire,1960,0.001243736
croatia,1960,0.00581217
cuba,1960,0.02409446
cyprus,1960,0.02437869
czech_republic,1960,0.193786
denmark,1960,0.07051592
dominican_republic,1960,0.003140101
ecuador,1960,0.003508661
egypt,1960,0.006132217
el_salvador,1960,0.002290034
eritrea,1960,0.0001180794
estonia,1960,0.1676234
finland,1960,0.08820263
france,1960,0.04186271
gabon,1960,0.004604558
georgia,1960,0.01037283
germany,1960,0.09522975
ghana,1960,0.001384812
greece,1960,0.01311323
guatemala,1960,0.003989704
haiti,1960,0.0009274766
honduras,1960,0.002717452
hungary,1960,0.1447362
iceland,1960,0.03403547
india,1960,0.001855703
indonesia,1960,0.0007524265
iran,1960,0.01509473
iraq,1960,0.01088162
ireland,1960,0.03354167
israel,1960,0.02246183
italy,1960,0.02894482
jamaica,1960,0.01166692
japan,1960,0.02347456
jordan,1960,0.005877031
kazakhstan,1960,0.189592
kenya,1960,0.0024042
kuwait,1960,0.2780716
kyrgyzstan,1960,0.02160956
latvia,1960,0.02216981
lebanon,1960,0.006747659
libya,1960,0.001152077
lithuania,1960,0.03444414
luxembourg,1960,0.03505697
macedonia,1960,0.03378906
malaysia,1960,0.0008437805
malta,1960,0.03459367
mexico,1960,0.02021401
moldova,1960,0.04579603
mongolia,1960,0.0001934723
morocco,1960,0.003581699
mozambique,1960,0.002020383
myanmar,1960,0.001036645
namibia,1960,4.661788e-05
nepal,1960,0.0003423971
netherlands,1960,0.05573428
new_zealand,1960,0.0349744
nicaragua,1960,0.003141678
nigeria,1960,0.0007883798
north_korea,1960,0.01146489
norway,1960,0.05908869
pakistan,1960,0.002659316
panama,1960,0.0001853586
paraguay,1960,0.001477456
peru,1960,0.04717202
philippines,1960,0.002729446
poland,1960,0.0609216
portugal,1960,0.008630167
qatar,1960,0.16258
romania,1960,0.02517342
russia,1960,0.04790446
saudi_arabia,1960,0.01127594
senegal,1960,0.002741392
singapore,1960,0.003305746
slovakia,1960,0.07651828
slovenia,1960,0.05276191
south_africa,1960,0.04789349
south_korea,1960,0.005219477
spain,1960,0.02044065
sri_lanka,1960,0.002438638
sweden,1960,0.1018273
switzerland,1960,0.03476322
syria,1960,0.005230629
tajikistan,1960,0.00686787
tanzania,1960,0.0005354614
thailand,1960,0.001130094
togo,1960,0.000464922
trinidad_and_tobago,1960,0.01250445
tunisia,1960,0.006418557
turkey,1960,0.00703184
turkmenistan,1960,0.01342194
ukraine,1960,0.06756892
united_arab_emirates,1960,0.01271749
united_kingdom,1960,0.1068916
united_states,1960,0.1161365
uruguay,1960,0.01660185
uzbekistan,1960,0.05022604
venezuela,1960,0.04958303
vietnam,1960,0.001257779
yemen,1960,0.001307949
zambia,1960,0.4059575
zimbabwe,1960,0.02565969
albania,1970,0.02184474
algeria,1970,0.008309782
angola,1970,0.001714449
argentina,1970,0.006924123
armenia,1970,0.01741863
australia,1970,0.1140163
austria,1970,0.06365641
azerbaijan,1970,0.02790953
bahrain,1970,0.006087524
bangladesh,1970,7.358796e-05
belarus,1970,0.04799195
belgium,1970,0.1173177
benin,1970,0.0006509451
bolivia,1970,0.003106131
bosnia_and_herzegovina,1970,0.04104126
botswana,1970,0.0001308593
brazil,1970,0.008099652
brunei,1970,0.1672745
bulgaria,1970,0.1834109
cambodia,1970,0.0005034244
cameroon,1970,0.0008925572
canada,1970,0.2372551
chile,1970,0.1629979
china,1970,0.009143445
colombia,1970,0.004873808
congo,1970,0.0146732
congo_drc,1970,0.01927283
costa_rica,1970,0.005593984
cote_d_ivoire,1970,0.00339747
croatia,1970,0.02487431
cuba,1970,0.03064552
cyprus,1970,0.03810001
czech_republic,1970,0.2584132
denmark,1970,0.1217377
dominican_republic,1970,0.006366972
ecuador,1970,0.004920415
egypt,1970,0.005480423
el_salvador,1970,0.003646691
eritrea,1970,0.0001173882
estonia,1970,0.1887434
finland,1970,0.1284355
france,1970,0.06624881
gabon,1970,0.02862407
georgia,1970,0.01887595
germany,1970,0.1038333
ghana,1970,0.001933374
greece,1970,0.03208683
guatemala,1970,0.004878775
haiti,1970,0.0009823883
honduras,1970,0.003872856
hungary,1970,0.1608185
iceland,1970,0.03693933
india,1970,0.002014757
indonesia,1970,0.0009196781
iran,1970,0.0174003
iraq,1970,0.01340458
ireland,1970,0.0670441
israel,1970,0.0422654
italy,1970,0.0739753
jamaica,1970,0.03297809
japan,1970,0.05109516
jordan,1970,0.006332864
kazakhstan,1970,0.1771948
kenya,1970,0.001881125
kuwait,1970,0.227228
kyrgyzstan,1970,0.02399059
latvia,1970,0.03414138
lebanon,1970,0.007730132
libya,1970,0.08200141
lithuania,1970,0.0550168
luxembourg,1970,0.1238383
macedonia,1970,0.04440998
malaysia,1970,0.002145547
malta,1970,0.06586914
mexico,1970,0.01931417
moldova,1970,0.05967235
mongolia,1970,0.0002901434
morocco,1970,0.004197717
mozambique,1970,0.002364589
myanmar,1970,0.001248933
namibia,1970,4.631669e-05
nepal,1970,0.0004107971
netherlands,1970,0.06473889
new_zealand,1970,0.03626333
nicaragua,1970,0.00551147
nigeria,1970,0.004869819
north_korea,1970,0.0161437
norway,1970,0.07923954
oman,1970,0.009177585
pakistan,1970,0.002250695
panama,1970,0.0002772895
paraguay,1970,0.002256711
peru,1970,0.04419886
philippines,1970,0.005655975
poland,1970,0.08358654
portugal,1970,0.01534736
qatar,1970,0.1499631
romania,1970,0.05550827
russia,1970,0.06078608
saudi_arabia,1970,0.02258077
senegal,1970,0.0028977
singapore,1970,0.02999322
slovakia,1970,0.1123031
slovenia,1970,0.08842813
south_africa,1970,0.06623973
south_korea,1970,0.01765111
spain,1970,0.04238657
sri_lanka,1970,0.00338513
sweden,1970,0.1051507
switzerland,1970,0.03512488
syria,1970,0.00758234
tajikistan,1970,0.009718489
tanzania,1970,0.0006843242
thailand,1970,0.003003074
togo,1970,0.0009611369
trinidad_and_tobago,1970,0.01634196
tunisia,1970,0.01074896
turkey,1970,0.01054707
turkmenistan,1970,0.02439465
ukraine,1970,0.07759585
united_arab_emirates,1970,0.05354616
united_kingdom,1970,0.1144412
united_states,1970,0.142398
uruguay,1970,0.01939663
uzbekistan,1970,0.03503412
venezuela,1970,0.03304033
vietnam,1970,0.001796354
yemen,1970,0.0008199541
zambia,1970,0.3726052
zimbabwe,1970,0.0194915
albania,1980,0.0309974
algeria,1980,0.007757017
angola,1980,0.001710523
argentina,1980,0.005171102
armenia,1980,0.02666798
australia,1980,0.1100104
austria,1980,0.05093526
azerbaijan,1980,0.009033066
bahrain,1980,0.01795786
bangladesh,1980,0.0008403137
belarus,1980,0.0691031
belgium,1980,0.08425133
benin,1980,0.0006524901
bolivia,1980,0.002842701
bosnia_and_herzegovina,1980,0.06733712
botswana,1980,0.0002451057
brazil,1980,0.01284258
brunei,1980,0.3449264
bulgaria,1980,0.2313369
cambodia,1980,0.0004933527
cameroon,1980,0.00129657
canada,1980,0.1645914
chile,1980,0.1884654
china,1980,0.01244021
colombia,1980,0.003379055
congo,1980,0.0127587
congo_drc,1980,0.01319046
costa_rica,1980,0.006392274
cote_d_ivoire,1980,0.002402903
croatia,1980,0.03819504
cuba,1980,0.03050891
cyprus,1980,0.04583404
czech_republic,1980,0.2194764
denmark,1980,0.08824857
dominican_republic,1980,0.01068764
ecuador,1980,0.01093649
egypt,1980,0.008611342
el_salvador,1980,0.002918928
eritrea,1980,0.0001142283
estonia,1980,0.2094288
finland,1980,0.1221876
france,1980,0.05951835
gabon,1980,0.03670216
georgia,1980,0.02750665
germany,1980,0.09597824
ghana,1980,0.001570464
greece,1980,0.041483
guatemala,1980,0.006519745
haiti,1980,0.0009643389
honduras,1980,0.003531946
hungary,1980,0.1525103
iceland,1980,0.04821178
india,1980,0.002416856
indonesia,1980,0.001404759
iran,1980,0.01711541
iraq,1980,0.02193176
ireland,1980,0.06527494
israel,1980,0.04295985
italy,1980,0.06104007
jamaica,1980,0.0371707
japan,1980,0.01127625
jordan,1980,0.01562109
kazakhstan,1980,0.1450791
kenya,1980,0.002250171
kuwait,1980,0.1179019
kyrgyzstan,1980,0.02699012
latvia,1980,0.04607554
lebanon,1980,0.01446926
libya,1980,0.04135213
lithuania,1980,0.0713761
luxembourg,1980,0.07007947
macedonia,1980,0.07619942
malaysia,1980,0.003105277
malta,1980,0.09147489
mexico,1980,0.02908737
moldova,1980,0.07688839
mongolia,1980,0.0004203192
morocco,1980,0.008344146
mozambique,1980,0.001699529
myanmar,1980,0.001053198
namibia,1980,0.09628896
nepal,1980,0.0007009902
netherlands,1980,0.03462945
new_zealand,1980,0.02403817
nicaragua,1980,0.004884853
nigeria,1980,0.006993579
north_korea,1980,0.02650998
norway,1980,0.04391842
oman,1980,0.008386351
pakistan,1980,0.001939647
panama,1980,0.01177825
paraguay,1980,0.002515385
peru,1980,0.05341258
philippines,1980,0.00636258
poland,1980,0.1152522
portugal,1980,0.02723648
qatar,1980,0.1016406
romania,1980,0.04751955
russia,1980,0.07315373
saudi_arabia,1980,0.08898035
senegal,1980,0.004107068
singapore,1980,0.05454649
slovakia,1980,0.1567399
slovenia,1980,0.1278269
south_africa,1980,0.0639607
south_korea,1980,0.03390474
spain,1980,0.07557244
sri_lanka,1980,0.003346247
sweden,1980,0.05908212
switzerland,1980,0.01835717
syria,1980,0.01358112
tajikistan,1980,0.01149388
tanzania,1980,0.0007262911
thailand,1980,0.006633093
togo,1980,0.0007308972
trinidad_and_tobago,1980,0.01904387
tunisia,1980,0.01945113
turkey,1980,0.01035499
turkmenistan,1980,0.0341527
ukraine,1980,0.0905153
united_arab_emirates,1980,0.08381012
united_kingdom,1980,0.08479741
united_states,1980,0.1036021
uruguay,1980,0.01841343
uzbekistan,1980,0.02672651
venezuela,1980,0.02202298
vietnam,1980,0.001766082
yemen,1980,0.001130118
zambia,1980,0.2356622
zimbabwe,1980,0.01870237
albania,1990,0.02835359
algeria,1990,0.005465757
angola,1990,0.002756758
argentina,1990,0.00347125
armenia,1990,0.02312488
australia,1990,0.09326234
austria,1990,0.009678623
azerbaijan,1990,0.03524408
bahrain,1990,0.02548549
bangladesh,1990,0.0005648553
belarus,1990,0.06078437
belgium,1990,0.02654873
benin,1990,0.0004428233
bolivia,1990,0.002178459
bosnia_and_herzegovina,1990,0.1090948
botswana,1990,0.01673531
brazil,1990,0.01098674
brunei,1990,0.2314382
bulgaria,1990,0.227579
cambodia,1990,0.0005059074
cameroon,1990,0.001268989
canada,1990,0.1111688
chile,1990,0.1762195
china,1990,0.01532714
colombia,1990,0.003783811
congo,1990,0.01050936
congo_drc,1990,0.006762124
costa_rica,1990,0.005906878
cote_d_ivoire,1990,0.001343932
croatia,1990,0.03734817
cuba,1990,0.03357718
cyprus,1990,0.06759176
czech_republic,1990,0.1820777
denmark,1990,0.03456067
dominican_republic,1990,0.009000877
ecuador,1990,0.008762243
egypt,1990,0.01153692
el_salvador,1990,0.002830534
eritrea,1990,0.0001139273
estonia,1990,0.1638827
finland,1990,0.04987525
france,1990,0.02407198
gabon,1990,0.0359403
georgia,1990,0.02806501
germany,1990,0.06737827
ghana,1990,0.001337767
greece,1990,0.04617292
guatemala,1990,0.002357217
haiti,1990,0.001042621
honduras,1990,0.003280411
hungary,1990,0.09453676
iceland,1990,0.07352487
india,1990,0.003829547
indonesia,1990,0.001966422
iran,1990,0.02139179
iraq,1990,0.02137828
ireland,1990,0.05195122
israel,1990,0.06050969
italy,1990,0.03145951
jamaica,1990,0.04159712
japan,1990,0.007912507
jordan,1990,0.02170783
kazakhstan,1990,0.146817
kenya,1990,0.001781054
kuwait,1990,0.04957072
kyrgyzstan,1990,0.02131886
latvia,1990,0.03808255
lebanon,1990,0.01311649
libya,1990,0.02760281
lithuania,1990,0.05790833
luxembourg,1990,0.06808778
macedonia,1990,0.07922835
malaysia,1990,0.005450757
malta,1990,0.08137156
mexico,1990,0.03272294
moldova,1990,0.04016737
mongolia,1990,0.04652838
morocco,1990,0.009946779
mozambique,1990,0.0007012411
myanmar,1990,0.0004496134
namibia,1990,0.05710317
nepal,1990,0.0007917564
netherlands,1990,0.01242181
new_zealand,1990,0.0160119
nicaragua,1990,0.004377833
nigeria,1990,0.004722584
north_korea,1990,0.02643725
norway,1990,0.01233766
oman,1990,0.03506949
pakistan,1990,0.004474686
panama,1990,0.00634877
paraguay,1990,0.002408545
peru,1990,0.0309888
philippines,1990,0.005955154
poland,1990,0.0901549
portugal,1990,0.03205531
qatar,1990,0.04996233
romania,1990,0.05644917
russia,1990,0.07180569
saudi_arabia,1990,0.04981803
senegal,1990,0.003129453
singapore,1990,0.1047096
slovakia,1990,0.1031169
slovenia,1990,0.1028557
south_africa,1990,0.0621433
south_korea,1990,0.03432296
spain,1990,0.05566014
sri_lanka,1990,0.002573981
sweden,1990,0.01260219
switzerland,1990,0.006715311
syria,1990,0.01966273
tajikistan,1990,0.0103678
tanzania,1990,0.000713038
thailand,1990,0.01215728
togo,1990,0.0007608238
trinidad_and_tobago,1990,0.01434299
tunisia,1990,0.0194902
turkey,1990,0.02804994
turkmenistan,1990,0.03207712
ukraine,1990,0.07990267
united_arab_emirates,1990,0.08996003
united_kingdom,1990,0.06481468
united_states,1990,0.08234352
uruguay,1990,0.009266891
uzbekistan,1990,0.01761638
venezuela,1990,0.01467219
vietnam,1990,0.001730172
yemen,1990,0.001484223
zambia,1990,0.07650855
zimbabwe,1990,0.01786038
albania,2000,0.004389581
algeria,2000,0.006020337
angola,2000,0.00218073
argentina,2000,0.003702885
armenia,2000,0.004345411
australia,2000,0.1238625
austria,2000,0.003935182
azerbaijan,2000,0.02476248
bahrain,2000,0.1032368
bangladesh,2000,0.000694639
belarus,2000,0.01356719
belgium,2000,0.01152545
benin,2000,0.001218781
bolivia,2000,0.002467772
bosnia_and_herzegovina,2000,0.05130275
botswana,2000,0.04555182
brazil,2000,0.009959535
brunei,2000,0.369713
bulgaria,2000,0.1304735
cambodia,2000,0.0008028684
cameroon,2000,0.006732502
canada,2000,0.07282455
chile,2000,0.07429196
china,2000,0.01718573
colombia,2000,0.003782335
congo,2000,0.05937012
congo_drc,2000,0.0003032616
costa_rica,2000,0.004936467
cote_d_ivoire,2000,0.001989025
croatia,2000,0.01558867
cuba,2000,0.02885314
cyprus,2000,0.03326123
czech_republic,2000,0.02586069
denmark,2000,0.005337947
dominican_republic,2000,0.01174009
ecuador,2000,0.007051963
egypt,2000,0.007966648
el_salvador,2000,0.005351147
eritrea,2000,0.001689289
estonia,2000,0.08388377
finland,2000,0.01554886
france,2000,0.01132406
gabon,2000,0.03840515
georgia,2000,0.002813309
germany,2000,0.007759144
ghana,2000,0.001676812
greece,2000,0.04503802
guatemala,2000,0.005208693
haiti,2000,0.0007852045
honduras,2000,0.004697066
hungary,2000,0.047868
iceland,2000,0.1186894
india,2000,0.00514347
indonesia,2000,0.004927536
iran,2000,0.0203102
iraq,2000,0.01938934
ireland,2000,0.03598486
israel,2000,0.07273058
italy,2000,0.01319578
jamaica,2000,0.04422171
japan,2000,0.00698145
jordan,2000,0.02100072
kazakhstan,2000,0.1181274
kenya,2000,0.00212172
kuwait,2000,0.1303
kyrgyzstan,2000,0.004355259
latvia,2000,0.004048412
lebanon,2000,0.02447179
libya,2000,0.01903893
lithuania,2000,0.01262894
luxembourg,2000,0.009860158
macedonia,2000,0.04903473
malaysia,2000,0.006333067
malta,2000,0.06803155
mexico,2000,0.03004719
moldova,2000,0.003177271
mongolia,2000,0.02772298
morocco,2000,0.01171095
mozambique,2000,0.0007576648
myanmar,2000,0.0006341808
namibia,2000,0.02047924
nepal,2000,0.001763179
netherlands,2000,0.004485147
new_zealand,2000,0.01650638
nicaragua,2000,0.005704851
nigeria,2000,0.004377776
north_korea,2000,0.01509224
norway,2000,0.006025922
oman,2000,0.05436308
pakistan,2000,0.00655697
panama,2000,0.009021819
paraguay,2000,0.002496003
peru,2000,0.042328
philippines,2000,0.006117011
poland,2000,0.03883463
portugal,2000,0.03002115
qatar,2000,0.05550793
romania,2000,0.03285866
russia,2000,0.04331049
saudi_arabia,2000,0.06901686
senegal,2000,0.003256158
singapore,2000,0.07544497
slovakia,2000,0.02360314
slovenia,2000,0.04984218
south_africa,2000,0.05330603
south_korea,2000,0.02030056
spain,2000,0.03604058
sri_lanka,2000,0.007375669
sweden,2000,0.005156791
switzerland,2000,0.002764666
syria,2000,0.01715614
tajikistan,2000,0.003202656
tanzania,2000,0.0007861547
thailand,2000,0.0155133
togo,2000,0.0006424966
trinidad_and_tobago,2000,0.0109784
tunisia,2000,0.02221094
turkey,2000,0.02768703
turkmenistan,2000,0.01888233
ukraine,2000,0.02861677
united_arab_emirates,2000,0.05111391
united_kingdom,2000,0.02031782
united_states,2000,0.05148412
uruguay,2000,0.009143093
uzbekistan,2000,0.009145643
venezuela,2000,0.01229018
vietnam,2000,0.002540703
yemen,2000,0.01857002
zambia,2000,0.03058448
zimbabwe,2000,0.008993583
